ARI,Dataset,Fraction
0.4801501,Deng,10
0.4982701,Deng,10
0.4602361,Deng,10
0.4526909,Deng,10
0.4447685,Deng,10
0.4992903,Deng,10
0.5475053,Deng,10
0.5558702,Deng,10
0.5220323,Deng,10
0.4819191,Deng,10
0.4221998,Deng,10
0.5654771,Deng,10
0.4268105,Deng,10
0.4088616,Deng,10
0.4862194,Deng,10
0.4701066,Deng,10
0.5257732,Deng,10
0.5981726,Deng,10
0.5271567,Deng,10
0.4893797,Deng,10
0.512755,Deng,10
0.4963735,Deng,10
0.5379453,Deng,10
0.4754666,Deng,10
0.4211828,Deng,10
0.6256323,Deng,10
0.4047481,Deng,10
0.422715,Deng,10
0.4369054,Deng,10
0.4445702,Deng,10
0.4559001,Deng,10
0.3635552,Deng,10
0.4018404,Deng,10
0.3826681,Deng,10
0.624003,Deng,10
0.4767848,Deng,10
0.58915,Deng,10
0.5715948,Deng,10
0.4025526,Deng,10
0.5058614,Deng,10
0.4483841,Deng,10
0.4454453,Deng,10
0.5030395,Deng,10
0.4633141,Deng,10
0.5466228,Deng,10
0.4198598,Deng,10
0.4394154,Deng,10
0.5819245,Deng,10
0.5758091,Deng,10
0.4424576,Deng,10
0.4060206,Deng,10
0.4459326,Deng,10
0.472236,Deng,10
0.4511739,Deng,10
0.5515331,Deng,10
0.513627,Deng,10
0.4496492,Deng,10
0.4657743,Deng,10
0.4692691,Deng,10
0.4335591,Deng,10
0.6439336,Deng,10
0.4667263,Deng,10
0.501022,Deng,10
0.5762647,Deng,10
0.5073492,Deng,10
0.6726816,Deng,10
0.4775425,Deng,10
0.4644392,Deng,10
0.5695927,Deng,10
0.5220023,Deng,10
0.60631,Deng,10
0.4952495,Deng,10
0.5189254,Deng,10
0.4031733,Deng,10
0.4465471,Deng,10
0.4879382,Deng,10
0.4750455,Deng,10
0.4717354,Deng,10
0.5331996,Deng,10
0.4856099,Deng,10
0.5391533,Deng,10
0.5678594,Deng,10
0.4889205,Deng,10
0.4888618,Deng,10
0.4256143,Deng,10
0.4741539,Deng,10
0.4939483,Deng,10
0.5103307,Deng,10
0.4215063,Deng,10
0.4679091,Deng,10
0.5206043,Deng,10
0.5392946,Deng,10
0.3948313,Deng,10
0.5243962,Deng,10
0.5077119,Deng,10
0.3862863,Deng,10
0.5680511,Deng,10
0.5429159,Deng,10
0.5835639,Deng,10
0.2190873,Deng,10
0.5856898,Deng,20
0.6062664,Deng,20
0.7277668,Deng,20
0.4856881,Deng,20
0.5041364,Deng,20
0.7505506,Deng,20
0.6446784,Deng,20
0.5982363,Deng,20
0.7783662,Deng,20
0.5476874,Deng,20
0.585651,Deng,20
0.5391113,Deng,20
0.7735321,Deng,20
0.6558674,Deng,20
0.4798823,Deng,20
0.6451468,Deng,20
0.6558483,Deng,20
0.6779559,Deng,20
0.7110973,Deng,20
0.5401153,Deng,20
0.7648473,Deng,20
0.5936574,Deng,20
0.6447574,Deng,20
0.5034882,Deng,20
0.5427928,Deng,20
0.6573069,Deng,20
0.5005239,Deng,20
0.5817728,Deng,20
0.6677407,Deng,20
0.6325198,Deng,20
0.5978674,Deng,20
0.4005841,Deng,20
0.7146213,Deng,20
0.6697138,Deng,20
0.6058603,Deng,20
0.5907395,Deng,20
0.612736,Deng,20
0.530693,Deng,20
0.6815288,Deng,20
0.7456072,Deng,20
0.6268113,Deng,20
0.5402564,Deng,20
0.6722378,Deng,20
0.60008,Deng,20
0.7090008,Deng,20
0.4164213,Deng,20
0.5910555,Deng,20
0.6953628,Deng,20
0.5380924,Deng,20
0.710831,Deng,20
0.593202,Deng,20
0.8541955,Deng,20
0.7094156,Deng,20
0.6401169,Deng,20
0.6614166,Deng,20
0.6632469,Deng,20
0.5939353,Deng,20
0.5954264,Deng,20
0.5420682,Deng,20
0.7310521,Deng,20
0.6612358,Deng,20
0.5766124,Deng,20
0.5655184,Deng,20
0.6181818,Deng,20
0.7952011,Deng,20
0.6261541,Deng,20
0.5689164,Deng,20
0.4681799,Deng,20
0.6203916,Deng,20
0.619247,Deng,20
0.5705064,Deng,20
0.6142111,Deng,20
0.7089461,Deng,20
0.6755689,Deng,20
0.5601734,Deng,20
0.8002946,Deng,20
0.6344279,Deng,20
0.6583088,Deng,20
0.5212663,Deng,20
0.7065696,Deng,20
0.7505787,Deng,20
0.6986413,Deng,20
0.6819559,Deng,20
0.611675,Deng,20
0.7942909,Deng,20
0.5328861,Deng,20
0.6256269,Deng,20
0.5498675,Deng,20
0.5081192,Deng,20
0.5639405,Deng,20
0.710751,Deng,20
0.5504081,Deng,20
0.5234712,Deng,20
0.6699392,Deng,20
0.6878654,Deng,20
0.5545144,Deng,20
0.7105961,Deng,20
0.4925702,Deng,20
0.679469,Deng,20
0.4821833,Deng,20
0.6573062,Deng,30
0.6115004,Deng,30
0.8609258,Deng,30
0.8184936,Deng,30
0.7994679,Deng,30
0.7108159,Deng,30
0.7991085,Deng,30
0.6412954,Deng,30
0.8925286,Deng,30
0.7449748,Deng,30
0.7186846,Deng,30
0.8059004,Deng,30
0.8492136,Deng,30
0.8754707,Deng,30
0.7993857,Deng,30
0.6287468,Deng,30
0.7797788,Deng,30
0.8265384,Deng,30
0.8649418,Deng,30
0.7297549,Deng,30
0.9089774,Deng,30
0.7989399,Deng,30
0.9133265,Deng,30
0.7734399,Deng,30
0.587608,Deng,30
0.6662664,Deng,30
0.6190622,Deng,30
0.8004527,Deng,30
0.6762311,Deng,30
0.6282096,Deng,30
0.8205896,Deng,30
0.5306645,Deng,30
0.7126146,Deng,30
0.8672699,Deng,30
0.6897534,Deng,30
0.7266555,Deng,30
0.6615806,Deng,30
0.6859331,Deng,30
0.6317049,Deng,30
0.7167878,Deng,30
0.782715,Deng,30
0.7644652,Deng,30
0.8133554,Deng,30
0.6952807,Deng,30
0.6919718,Deng,30
0.7809504,Deng,30
0.5785895,Deng,30
0.7481124,Deng,30
0.8158669,Deng,30
0.9048486,Deng,30
0.7887501,Deng,30
0.8859907,Deng,30
0.83747,Deng,30
0.8389993,Deng,30
0.7742054,Deng,30
0.707696,Deng,30
0.7088091,Deng,30
0.7849888,Deng,30
0.7562105,Deng,30
0.7897587,Deng,30
0.8552003,Deng,30
0.7604501,Deng,30
0.7084329,Deng,30
0.6846158,Deng,30
0.8235287,Deng,30
0.7846693,Deng,30
0.6475379,Deng,30
0.7161645,Deng,30
0.6738412,Deng,30
0.8786837,Deng,30
0.9002299,Deng,30
0.6266985,Deng,30
0.7453837,Deng,30
0.7764418,Deng,30
0.5608296,Deng,30
0.900889,Deng,30
0.7973154,Deng,30
0.8087642,Deng,30
0.625318,Deng,30
0.7123959,Deng,30
0.8377297,Deng,30
0.7451835,Deng,30
0.8034907,Deng,30
0.6924251,Deng,30
0.8447497,Deng,30
0.7832795,Deng,30
0.8509716,Deng,30
0.5806017,Deng,30
0.6724179,Deng,30
0.6406321,Deng,30
0.684354,Deng,30
0.5985247,Deng,30
0.7593589,Deng,30
0.8941293,Deng,30
0.7479764,Deng,30
0.673277,Deng,30
0.7539319,Deng,30
0.8064264,Deng,30
0.6469907,Deng,30
0.6779371,Deng,30
0.8590214,Deng,40
0.7820806,Deng,40
0.7334292,Deng,40
0.8555335,Deng,40
0.9191683,Deng,40
0.7005008,Deng,40
0.8369639,Deng,40
0.6342395,Deng,40
0.9084018,Deng,40
0.9174983,Deng,40
0.8654865,Deng,40
0.8318044,Deng,40
0.8580271,Deng,40
0.878761,Deng,40
0.8989446,Deng,40
0.8938007,Deng,40
0.8260788,Deng,40
0.914415,Deng,40
0.8931887,Deng,40
0.8487304,Deng,40
0.924431,Deng,40
0.846658,Deng,40
0.9659575,Deng,40
0.8244982,Deng,40
0.888724,Deng,40
0.9305069,Deng,40
0.7106521,Deng,40
0.927964,Deng,40
0.759844,Deng,40
0.9104755,Deng,40
0.8864753,Deng,40
0.7049873,Deng,40
0.9128978,Deng,40
0.8737342,Deng,40
0.7892351,Deng,40
0.8027425,Deng,40
0.799111,Deng,40
0.8148502,Deng,40
0.7167891,Deng,40
0.959355,Deng,40
0.8725714,Deng,40
0.8447176,Deng,40
0.9472116,Deng,40
0.8336161,Deng,40
0.6765356,Deng,40
0.8119416,Deng,40
0.7274628,Deng,40
0.944643,Deng,40
0.845985,Deng,40
0.7679995,Deng,40
0.9246092,Deng,40
0.8372798,Deng,40
0.883957,Deng,40
0.7999309,Deng,40
0.8515386,Deng,40
0.7505724,Deng,40
0.7491381,Deng,40
0.8969527,Deng,40
0.7728565,Deng,40
0.9396055,Deng,40
0.875063,Deng,40
0.8321474,Deng,40
0.7480569,Deng,40
0.8005181,Deng,40
0.8845213,Deng,40
0.8611929,Deng,40
0.7202009,Deng,40
0.7652854,Deng,40
0.8770747,Deng,40
0.9282406,Deng,40
0.9396803,Deng,40
0.6348226,Deng,40
0.846006,Deng,40
0.912781,Deng,40
0.7161261,Deng,40
0.8734756,Deng,40
0.905048,Deng,40
0.8324561,Deng,40
0.8402693,Deng,40
0.9167316,Deng,40
0.8829777,Deng,40
0.9013669,Deng,40
0.8786601,Deng,40
0.7029281,Deng,40
0.874761,Deng,40
0.8932093,Deng,40
0.8884962,Deng,40
0.8537038,Deng,40
0.7826901,Deng,40
0.7493687,Deng,40
0.7983403,Deng,40
0.6175391,Deng,40
0.8506434,Deng,40
0.9307873,Deng,40
0.7491296,Deng,40
0.8602644,Deng,40
0.7850762,Deng,40
0.879104,Deng,40
0.8250822,Deng,40
0.9181163,Deng,40
0.9439754,Deng,50
0.853257,Deng,50
0.8478067,Deng,50
0.9216275,Deng,50
0.9214919,Deng,50
0.934928,Deng,50
0.9358117,Deng,50
0.7302442,Deng,50
0.9273761,Deng,50
0.8844361,Deng,50
0.8733877,Deng,50
0.8838293,Deng,50
0.9445626,Deng,50
0.8761556,Deng,50
0.9477271,Deng,50
0.8969529,Deng,50
0.9464401,Deng,50
0.9057361,Deng,50
0.9454734,Deng,50
0.8103847,Deng,50
0.9373368,Deng,50
0.8466522,Deng,50
0.9758525,Deng,50
0.8720023,Deng,50
0.8878611,Deng,50
0.89872,Deng,50
0.8482262,Deng,50
0.9186494,Deng,50
0.9572812,Deng,50
0.9187725,Deng,50
0.9170489,Deng,50
0.7369596,Deng,50
0.9355446,Deng,50
0.9285449,Deng,50
0.846405,Deng,50
0.8352111,Deng,50
0.9011868,Deng,50
0.8903444,Deng,50
0.8120553,Deng,50
0.9755975,Deng,50
0.9817005,Deng,50
0.8872297,Deng,50
0.9369955,Deng,50
0.8199325,Deng,50
0.7789853,Deng,50
0.8733459,Deng,50
0.7898048,Deng,50
0.9543585,Deng,50
0.8392765,Deng,50
0.9625081,Deng,50
0.9191114,Deng,50
0.9283033,Deng,50
0.9093965,Deng,50
0.8974847,Deng,50
0.912566,Deng,50
0.9144757,Deng,50
0.7731181,Deng,50
0.9150723,Deng,50
0.7858951,Deng,50
0.8734394,Deng,50
0.9640333,Deng,50
0.805198,Deng,50
0.8661768,Deng,50
0.8086916,Deng,50
0.8841498,Deng,50
0.916744,Deng,50
0.9359699,Deng,50
0.7874365,Deng,50
0.8996902,Deng,50
0.9157899,Deng,50
0.9779599,Deng,50
0.7451804,Deng,50
0.9390509,Deng,50
0.9236861,Deng,50
0.8990357,Deng,50
0.8945475,Deng,50
0.9458933,Deng,50
0.8533802,Deng,50
0.9283156,Deng,50
0.9149551,Deng,50
0.9199427,Deng,50
0.9623787,Deng,50
0.8959835,Deng,50
0.7586382,Deng,50
0.9112621,Deng,50
0.9007299,Deng,50
0.9352097,Deng,50
0.8578028,Deng,50
0.9127925,Deng,50
0.8572853,Deng,50
0.9760634,Deng,50
0.8125027,Deng,50
0.8435474,Deng,50
0.9610359,Deng,50
0.8828054,Deng,50
0.9290112,Deng,50
0.8999648,Deng,50
0.9505386,Deng,50
0.9244177,Deng,50
0.9576654,Deng,50
0.6791023,Klein,1
0.5178335,Klein,1
0.6609793,Klein,1
0.5033678,Klein,1
0.5590309,Klein,1
0.4724803,Klein,1
0.4932705,Klein,1
0.4327562,Klein,1
0.6384899,Klein,1
0.729115,Klein,1
0.4930126,Klein,1
0.6591319,Klein,1
0.8646893,Klein,1
0.7006209,Klein,1
0.4366441,Klein,1
0.6448286,Klein,1
0.4634261,Klein,1
0.5018129,Klein,1
0.4907547,Klein,1
0.6717415,Klein,1
0.6187936,Klein,1
0.5651242,Klein,1
0.6314017,Klein,1
0.5769491,Klein,1
0.6025778,Klein,1
0.3999945,Klein,1
0.821936,Klein,1
0.7844627,Klein,1
0.6358164,Klein,1
0.6324835,Klein,1
0.5190606,Klein,1
0.7258011,Klein,1
0.6770352,Klein,1
0.5081754,Klein,1
0.527236,Klein,1
0.7562999,Klein,1
0.4931368,Klein,1
0.5340739,Klein,1
0.4557336,Klein,1
0.5757985,Klein,1
0.652768,Klein,1
0.6140254,Klein,1
0.6894549,Klein,1
0.5456794,Klein,1
0.6201442,Klein,1
0.4450647,Klein,1
0.6640582,Klein,1
0.5374426,Klein,1
0.69098,Klein,1
0.4392921,Klein,1
0.529091,Klein,1
0.636052,Klein,1
0.5277181,Klein,1
0.4842432,Klein,1
0.6697711,Klein,1
0.6724411,Klein,1
0.6825826,Klein,1
0.5117955,Klein,1
0.5906185,Klein,1
0.3989506,Klein,1
0.6499478,Klein,1
0.5107959,Klein,1
0.6821053,Klein,1
0.7407009,Klein,1
0.637377,Klein,1
0.6759257,Klein,1
0.6738361,Klein,1
0.7774943,Klein,1
0.6844876,Klein,1
0.4217581,Klein,1
0.7282229,Klein,1
0.7884793,Klein,1
0.6804321,Klein,1
0.5959464,Klein,1
0.5446062,Klein,1
0.7726311,Klein,1
0.6667296,Klein,1
0.7272087,Klein,1
0.5348193,Klein,1
0.6323593,Klein,1
0.4347566,Klein,1
0.4844851,Klein,1
0.8122492,Klein,1
0.6245232,Klein,1
0.675787,Klein,1
0.5039783,Klein,1
0.7018869,Klein,1
0.7090075,Klein,1
0.5903259,Klein,1
0.6764145,Klein,1
0.6984521,Klein,1
0.5753917,Klein,1
0.7977557,Klein,1
0.6879716,Klein,1
0.6074855,Klein,1
0.6293642,Klein,1
0.7213996,Klein,1
0.7971711,Klein,1
0.4834477,Klein,1
0.5022324,Klein,1
0.9504064,Klein,10
0.9467775,Klein,10
0.9458392,Klein,10
0.9651838,Klein,10
0.9641123,Klein,10
0.9515966,Klein,10
0.9629952,Klein,10
0.9557646,Klein,10
0.9407664,Klein,10
0.9287491,Klein,10
0.9613124,Klein,10
0.9369554,Klein,10
0.9521128,Klein,10
0.9432485,Klein,10
0.9278377,Klein,10
0.9487819,Klein,10
0.9557594,Klein,10
0.9426406,Klein,10
0.9393048,Klein,10
0.94712,Klein,10
0.947713,Klein,10
0.9653169,Klein,10
0.9656008,Klein,10
0.9321233,Klein,10
0.9602765,Klein,10
0.9222771,Klein,10
0.953036,Klein,10
0.9533386,Klein,10
0.9471692,Klein,10
0.958505,Klein,10
0.9359814,Klein,10
0.960476,Klein,10
0.9588463,Klein,10
0.949712,Klein,10
0.9502693,Klein,10
0.9580755,Klein,10
0.9545532,Klein,10
0.9609638,Klein,10
0.9645959,Klein,10
0.9478241,Klein,10
0.9383219,Klein,10
0.9541447,Klein,10
0.9309439,Klein,10
0.9593978,Klein,10
0.9611884,Klein,10
0.9503228,Klein,10
0.947993,Klein,10
0.9387474,Klein,10
0.9376736,Klein,10
0.9231462,Klein,10
0.9512331,Klein,10
0.9586652,Klein,10
0.9597867,Klein,10
0.9611174,Klein,10
0.951247,Klein,10
0.9600464,Klein,10
0.9565118,Klein,10
0.9267935,Klein,10
0.9466927,Klein,10
0.9473262,Klein,10
0.95325,Klein,10
0.9495594,Klein,10
0.9077465,Klein,10
0.9566613,Klein,10
0.9369005,Klein,10
0.9457168,Klein,10
0.9672996,Klein,10
0.9704326,Klein,10
0.9689396,Klein,10
0.9472809,Klein,10
0.944745,Klein,10
0.9207768,Klein,10
0.9021892,Klein,10
0.9536083,Klein,10
0.9831489,Klein,10
0.9538499,Klein,10
0.9674492,Klein,10
0.961214,Klein,10
0.9494032,Klein,10
0.9390533,Klein,10
0.938421,Klein,10
0.937004,Klein,10
0.952024,Klein,10
0.9072456,Klein,10
0.9145387,Klein,10
0.9345055,Klein,10
0.9460536,Klein,10
0.9681927,Klein,10
0.9431819,Klein,10
0.9374388,Klein,10
0.937395,Klein,10
0.9664792,Klein,10
0.9656914,Klein,10
0.9532217,Klein,10
0.9508556,Klein,10
0.9526366,Klein,10
0.9578365,Klein,10
0.942815,Klein,10
0.9576419,Klein,10
0.9487161,Klein,10
0.8313253,Klein,2
0.7735081,Klein,2
0.7161021,Klein,2
0.8480882,Klein,2
0.7981266,Klein,2
0.8041517,Klein,2
0.7757497,Klein,2
0.8271062,Klein,2
0.782005,Klein,2
0.806728,Klein,2
0.7875072,Klein,2
0.7623128,Klein,2
0.8086218,Klein,2
0.7617798,Klein,2
0.7752667,Klein,2
0.8447827,Klein,2
0.793375,Klein,2
0.8088227,Klein,2
0.774347,Klein,2
0.7752817,Klein,2
0.7806949,Klein,2
0.7453224,Klein,2
0.8204673,Klein,2
0.7325127,Klein,2
0.79403,Klein,2
0.703492,Klein,2
0.8346744,Klein,2
0.8343434,Klein,2
0.7727148,Klein,2
0.7675642,Klein,2
0.8291135,Klein,2
0.7117021,Klein,2
0.8115171,Klein,2
0.7568668,Klein,2
0.7286476,Klein,2
0.7815884,Klein,2
0.7764569,Klein,2
0.7916935,Klein,2
0.7850486,Klein,2
0.6897608,Klein,2
0.7724989,Klein,2
0.8129004,Klein,2
0.7638883,Klein,2
0.7734296,Klein,2
0.7710729,Klein,2
0.6190967,Klein,2
0.7595283,Klein,2
0.7411375,Klein,2
0.7396443,Klein,2
0.8195822,Klein,2
0.7863318,Klein,2
0.7939105,Klein,2
0.8509595,Klein,2
0.7719793,Klein,2
0.8036991,Klein,2
0.8193203,Klein,2
0.8123037,Klein,2
0.7786957,Klein,2
0.8095258,Klein,2
0.8120987,Klein,2
0.7540267,Klein,2
0.7845935,Klein,2
0.7802289,Klein,2
0.8175749,Klein,2
0.7465755,Klein,2
0.7901721,Klein,2
0.8081085,Klein,2
0.852836,Klein,2
0.7993316,Klein,2
0.7385559,Klein,2
0.826613,Klein,2
0.8515452,Klein,2
0.7541303,Klein,2
0.7500909,Klein,2
0.8515734,Klein,2
0.8454215,Klein,2
0.8111022,Klein,2
0.8789804,Klein,2
0.8397494,Klein,2
0.8038657,Klein,2
0.7479948,Klein,2
0.7458706,Klein,2
0.8653806,Klein,2
0.73441,Klein,2
0.7791289,Klein,2
0.7074133,Klein,2
0.8721484,Klein,2
0.841572,Klein,2
0.7675907,Klein,2
0.8175949,Klein,2
0.7668149,Klein,2
0.7988086,Klein,2
0.8076499,Klein,2
0.8241379,Klein,2
0.8309555,Klein,2
0.7471618,Klein,2
0.7529111,Klein,2
0.817381,Klein,2
0.7399126,Klein,2
0.8633347,Klein,2
0.97287,Klein,20
0.9704688,Klein,20
0.9735375,Klein,20
0.9777234,Klein,20
0.9730626,Klein,20
0.9654177,Klein,20
0.9775148,Klein,20
0.9658127,Klein,20
0.9736078,Klein,20
0.9752331,Klein,20
0.9810442,Klein,20
0.9750909,Klein,20
0.9643005,Klein,20
0.97655,Klein,20
0.9635045,Klein,20
0.9687021,Klein,20
0.9688813,Klein,20
0.9643026,Klein,20
0.969107,Klein,20
0.9708397,Klein,20
0.9749019,Klein,20
0.9796222,Klein,20
0.9767138,Klein,20
0.9713304,Klein,20
0.9748565,Klein,20
0.9765919,Klein,20
0.9740889,Klein,20
0.9827836,Klein,20
0.9651344,Klein,20
0.977735,Klein,20
0.9687091,Klein,20
0.9859127,Klein,20
0.9698796,Klein,20
0.971209,Klein,20
0.9654633,Klein,20
0.9738632,Klein,20
0.9832919,Klein,20
0.9788663,Klein,20
0.9716923,Klein,20
0.9703787,Klein,20
0.9670964,Klein,20
0.9724871,Klein,20
0.9749175,Klein,20
0.9820475,Klein,20
0.9757395,Klein,20
0.969563,Klein,20
0.9696478,Klein,20
0.9704767,Klein,20
0.9666943,Klein,20
0.9759542,Klein,20
0.9706408,Klein,20
0.9774119,Klein,20
0.9808618,Klein,20
0.9731591,Klein,20
0.9712235,Klein,20
0.9770413,Klein,20
0.978975,Klein,20
0.9634406,Klein,20
0.9683878,Klein,20
0.9793665,Klein,20
0.9789794,Klein,20
0.9718941,Klein,20
0.9717727,Klein,20
0.9729557,Klein,20
0.9714441,Klein,20
0.9750395,Klein,20
0.9785642,Klein,20
0.9732822,Klein,20
0.9833825,Klein,20
0.9766602,Klein,20
0.9755373,Klein,20
0.9704327,Klein,20
0.9589269,Klein,20
0.9775849,Klein,20
0.9841683,Klein,20
0.9780278,Klein,20
0.9848289,Klein,20
0.9743475,Klein,20
0.9743549,Klein,20
0.9748503,Klein,20
0.9743845,Klein,20
0.98114,Klein,20
0.974147,Klein,20
0.9648473,Klein,20
0.974126,Klein,20
0.9766616,Klein,20
0.9789505,Klein,20
0.978294,Klein,20
0.9632659,Klein,20
0.9829328,Klein,20
0.9726185,Klein,20
0.9793881,Klein,20
0.9759748,Klein,20
0.9821278,Klein,20
0.9712449,Klein,20
0.9810592,Klein,20
0.9767147,Klein,20
0.9768506,Klein,20
0.9707736,Klein,20
0.9705371,Klein,20
0.8922799,Klein,3
0.8574411,Klein,3
0.7887219,Klein,3
0.8548658,Klein,3
0.8325731,Klein,3
0.845569,Klein,3
0.8242155,Klein,3
0.8599654,Klein,3
0.7994618,Klein,3
0.8890097,Klein,3
0.8490405,Klein,3
0.8295786,Klein,3
0.8757742,Klein,3
0.7685409,Klein,3
0.7960479,Klein,3
0.8821254,Klein,3
0.8323145,Klein,3
0.8451587,Klein,3
0.7967667,Klein,3
0.8655058,Klein,3
0.793343,Klein,3
0.8230977,Klein,3
0.8761813,Klein,3
0.8138745,Klein,3
0.8544922,Klein,3
0.8522508,Klein,3
0.9077891,Klein,3
0.8528146,Klein,3
0.8468391,Klein,3
0.836254,Klein,3
0.8483153,Klein,3
0.8175895,Klein,3
0.8346718,Klein,3
0.8219067,Klein,3
0.8204137,Klein,3
0.8361467,Klein,3
0.8192431,Klein,3
0.8556222,Klein,3
0.8480607,Klein,3
0.7526605,Klein,3
0.8611599,Klein,3
0.8155751,Klein,3
0.8279413,Klein,3
0.8495986,Klein,3
0.8355363,Klein,3
0.8315486,Klein,3
0.801849,Klein,3
0.8596339,Klein,3
0.8570698,Klein,3
0.8682913,Klein,3
0.8910185,Klein,3
0.8425008,Klein,3
0.917427,Klein,3
0.8889116,Klein,3
0.8452002,Klein,3
0.8630907,Klein,3
0.8819728,Klein,3
0.8068285,Klein,3
0.8221252,Klein,3
0.8709496,Klein,3
0.849811,Klein,3
0.8191479,Klein,3
0.8002684,Klein,3
0.8284934,Klein,3
0.7431385,Klein,3
0.8533398,Klein,3
0.9053587,Klein,3
0.9179996,Klein,3
0.8429447,Klein,3
0.8230816,Klein,3
0.8365168,Klein,3
0.8586036,Klein,3
0.8093907,Klein,3
0.7893563,Klein,3
0.8981196,Klein,3
0.8624805,Klein,3
0.8464368,Klein,3
0.8799843,Klein,3
0.8925027,Klein,3
0.8428723,Klein,3
0.7936683,Klein,3
0.8131029,Klein,3
0.8887014,Klein,3
0.7911189,Klein,3
0.796042,Klein,3
0.8220241,Klein,3
0.8987989,Klein,3
0.8713985,Klein,3
0.8499965,Klein,3
0.832707,Klein,3
0.7927684,Klein,3
0.8124763,Klein,3
0.8255877,Klein,3
0.8207916,Klein,3
0.8814885,Klein,3
0.8341397,Klein,3
0.8184142,Klein,3
0.8197405,Klein,3
0.8107553,Klein,3
0.8829528,Klein,3
0.9802716,Klein,30
0.9792502,Klein,30
0.9749063,Klein,30
0.9771985,Klein,30
0.9824261,Klein,30
0.9701865,Klein,30
0.9796784,Klein,30
0.9740967,Klein,30
0.9787455,Klein,30
0.9766423,Klein,30
0.9802768,Klein,30
0.9794419,Klein,30
0.9714446,Klein,30
0.9821345,Klein,30
0.976231,Klein,30
0.978369,Klein,30
0.9710389,Klein,30
0.9753387,Klein,30
0.9751609,Klein,30
0.9772827,Klein,30
0.9790676,Klein,30
0.9864606,Klein,30
0.9786676,Klein,30
0.9805632,Klein,30
0.9791677,Klein,30
0.9818572,Klein,30
0.9779109,Klein,30
0.9857685,Klein,30
0.9712645,Klein,30
0.9811977,Klein,30
0.9863202,Klein,30
0.9901671,Klein,30
0.9763096,Klein,30
0.9777292,Klein,30
0.9719092,Klein,30
0.9737303,Klein,30
0.9881689,Klein,30
0.9768095,Klein,30
0.9724718,Klein,30
0.9737038,Klein,30
0.9772341,Klein,30
0.9853311,Klein,30
0.9783709,Klein,30
0.9851065,Klein,30
0.9785248,Klein,30
0.9762308,Klein,30
0.9834172,Klein,30
0.9762262,Klein,30
0.9811301,Klein,30
0.9855251,Klein,30
0.9768515,Klein,30
0.9818225,Klein,30
0.9781245,Klein,30
0.9738256,Klein,30
0.976333,Klein,30
0.9792957,Klein,30
0.9833259,Klein,30
0.983482,Klein,30
0.9763045,Klein,30
0.9835416,Klein,30
0.9757951,Klein,30
0.9782304,Klein,30
0.9833243,Klein,30
0.976029,Klein,30
0.9790595,Klein,30
0.9780408,Klein,30
0.9767411,Klein,30
0.9757138,Klein,30
0.9873312,Klein,30
0.9815902,Klein,30
0.9800274,Klein,30
0.9827629,Klein,30
0.9825101,Klein,30
0.9780957,Klein,30
0.9855752,Klein,30
0.9820419,Klein,30
0.9836022,Klein,30
0.982455,Klein,30
0.9734788,Klein,30
0.9777488,Klein,30
0.9765258,Klein,30
0.9846693,Klein,30
0.9763313,Klein,30
0.9750748,Klein,30
0.9758982,Klein,30
0.9831149,Klein,30
0.9880907,Klein,30
0.9834739,Klein,30
0.9718751,Klein,30
0.98594,Klein,30
0.9772363,Klein,30
0.9810774,Klein,30
0.9771163,Klein,30
0.9832685,Klein,30
0.9807973,Klein,30
0.9802437,Klein,30
0.9832776,Klein,30
0.9792397,Klein,30
0.9764952,Klein,30
0.9795556,Klein,30
0.9853979,Klein,40
0.9833344,Klein,40
0.9781179,Klein,40
0.9819346,Klein,40
0.9846096,Klein,40
0.9716426,Klein,40
0.9853505,Klein,40
0.9830328,Klein,40
0.9790349,Klein,40
0.9812178,Klein,40
0.9819041,Klein,40
0.9799951,Klein,40
0.9756516,Klein,40
0.9825321,Klein,40
0.9810101,Klein,40
0.9830579,Klein,40
0.9719748,Klein,40
0.9734483,Klein,40
0.9760117,Klein,40
0.9830701,Klein,40
0.9815245,Klein,40
0.9874553,Klein,40
0.9796908,Klein,40
0.9773398,Klein,40
0.9768977,Klein,40
0.9868366,Klein,40
0.9792312,Klein,40
0.9833627,Klein,40
0.9808901,Klein,40
0.9820945,Klein,40
0.987949,Klein,40
0.9932835,Klein,40
0.9794935,Klein,40
0.9847103,Klein,40
0.9795183,Klein,40
0.969007,Klein,40
0.985648,Klein,40
0.9796504,Klein,40
0.9730008,Klein,40
0.9777944,Klein,40
0.983052,Klein,40
0.9877829,Klein,40
0.9754454,Klein,40
0.985669,Klein,40
0.9820857,Klein,40
0.9762723,Klein,40
0.9852304,Klein,40
0.9796014,Klein,40
0.9775887,Klein,40
0.9884464,Klein,40
0.9846847,Klein,40
0.9816822,Klein,40
0.9798446,Klein,40
0.9799124,Klein,40
0.9722142,Klein,40
0.9821619,Klein,40
0.9848477,Klein,40
0.9803679,Klein,40
0.9772824,Klein,40
0.9822148,Klein,40
0.981591,Klein,40
0.9807127,Klein,40
0.9847417,Klein,40
0.9839171,Klein,40
0.9807599,Klein,40
0.9807294,Klein,40
0.9778015,Klein,40
0.9741768,Klein,40
0.9885503,Klein,40
0.9802258,Klein,40
0.9809104,Klein,40
0.9793568,Klein,40
0.9852622,Klein,40
0.9793934,Klein,40
0.9908334,Klein,40
0.9801145,Klein,40
0.983701,Klein,40
0.9834473,Klein,40
0.9820086,Klein,40
0.9808025,Klein,40
0.9792999,Klein,40
0.9853068,Klein,40
0.9820533,Klein,40
0.9731633,Klein,40
0.9812648,Klein,40
0.9844893,Klein,40
0.9853017,Klein,40
0.9829372,Klein,40
0.9777291,Klein,40
0.9837203,Klein,40
0.9828656,Klein,40
0.9799312,Klein,40
0.9776599,Klein,40
0.9897705,Klein,40
0.9813036,Klein,40
0.9797244,Klein,40
0.9859253,Klein,40
0.9778902,Klein,40
0.9805305,Klein,40
0.9843461,Klein,40
0.9861931,Klein,50
0.9890442,Klein,50
0.986367,Klein,50
0.9770331,Klein,50
0.9890066,Klein,50
0.9699033,Klein,50
0.9824783,Klein,50
0.9861165,Klein,50
0.9833817,Klein,50
0.9848279,Klein,50
0.9823731,Klein,50
0.9924738,Klein,50
0.9781337,Klein,50
0.9790815,Klein,50
0.9811812,Klein,50
0.9797342,Klein,50
0.9802024,Klein,50
0.9811094,Klein,50
0.9803993,Klein,50
0.9857636,Klein,50
0.9868202,Klein,50
0.9924125,Klein,50
0.9804851,Klein,50
0.9750264,Klein,50
0.9769112,Klein,50
0.9894574,Klein,50
0.9837956,Klein,50
0.990348,Klein,50
0.9834672,Klein,50
0.9850399,Klein,50
0.9905527,Klein,50
0.9921909,Klein,50
0.976552,Klein,50
0.9883011,Klein,50
0.9842902,Klein,50
0.973394,Klein,50
0.9854465,Klein,50
0.9809933,Klein,50
0.9748891,Klein,50
0.981466,Klein,50
0.9809177,Klein,50
0.9891361,Klein,50
0.9745306,Klein,50
0.9869973,Klein,50
0.987394,Klein,50
0.980709,Klein,50
0.9834397,Klein,50
0.9843984,Klein,50
0.9810486,Klein,50
0.9874588,Klein,50
0.9828825,Klein,50
0.9846245,Klein,50
0.9782045,Klein,50
0.9773372,Klein,50
0.9829971,Klein,50
0.9812495,Klein,50
0.9830255,Klein,50
0.9854355,Klein,50
0.978794,Klein,50
0.9847751,Klein,50
0.9873715,Klein,50
0.9808256,Klein,50
0.9854305,Klein,50
0.9841438,Klein,50
0.9782735,Klein,50
0.9856589,Klein,50
0.9791853,Klein,50
0.9825391,Klein,50
0.9864049,Klein,50
0.9838194,Klein,50
0.9795296,Klein,50
0.9855645,Klein,50
0.9900721,Klein,50
0.9791968,Klein,50
0.9890355,Klein,50
0.9811708,Klein,50
0.9894463,Klein,50
0.9863843,Klein,50
0.9780736,Klein,50
0.9815437,Klein,50
0.9810972,Klein,50
0.9873181,Klein,50
0.9833226,Klein,50
0.9824555,Klein,50
0.9798588,Klein,50
0.9840066,Klein,50
0.9888159,Klein,50
0.9807607,Klein,50
0.979645,Klein,50
0.986294,Klein,50
0.9884978,Klein,50
0.9844669,Klein,50
0.9783674,Klein,50
0.991376,Klein,50
0.9804331,Klein,50
0.9837553,Klein,50
0.9805614,Klein,50
0.9806826,Klein,50
0.9805694,Klein,50
0.9849825,Klein,50
0.9736775,Kolodziejczyk,10
1,Kolodziejczyk,10
0.9958736,Kolodziejczyk,10
0.9783446,Kolodziejczyk,10
0.9912116,Kolodziejczyk,10
0.9823811,Kolodziejczyk,10
0.9954548,Kolodziejczyk,10
0.9181333,Kolodziejczyk,10
0.9910935,Kolodziejczyk,10
0.9782023,Kolodziejczyk,10
0.9775965,Kolodziejczyk,10
0.9955668,Kolodziejczyk,10
0.9955866,Kolodziejczyk,10
0.9954548,Kolodziejczyk,10
1,Kolodziejczyk,10
0.9559308,Kolodziejczyk,10
0.9566392,Kolodziejczyk,10
0.9824849,Kolodziejczyk,10
0.9865885,Kolodziejczyk,10
0.9915707,Kolodziejczyk,10
0.9955797,Kolodziejczyk,10
0.9955473,Kolodziejczyk,10
0.9866571,Kolodziejczyk,10
1,Kolodziejczyk,10
0.995591,Kolodziejczyk,10
0.969006,Kolodziejczyk,10
0.9733646,Kolodziejczyk,10
0.9955437,Kolodziejczyk,10
0.9774663,Kolodziejczyk,10
0.9778711,Kolodziejczyk,10
0.9910987,Kolodziejczyk,10
0.9955606,Kolodziejczyk,10
0.7996978,Kolodziejczyk,10
0.9570355,Kolodziejczyk,10
0.9606307,Kolodziejczyk,10
0.9689183,Kolodziejczyk,10
0.9865312,Kolodziejczyk,10
0.9911985,Kolodziejczyk,10
1,Kolodziejczyk,10
0.9875219,Kolodziejczyk,10
0.9911779,Kolodziejczyk,10
0.986836,Kolodziejczyk,10
0.9910287,Kolodziejczyk,10
0.9734017,Kolodziejczyk,10
0.9731583,Kolodziejczyk,10
0.9955831,Kolodziejczyk,10
0.8183526,Kolodziejczyk,10
0.9691721,Kolodziejczyk,10
1,Kolodziejczyk,10
0.6571997,Kolodziejczyk,10
0.9433741,Kolodziejczyk,10
0.9689479,Kolodziejczyk,10
0.9821165,Kolodziejczyk,10
0.8818503,Kolodziejczyk,10
0.9736193,Kolodziejczyk,10
0.9821835,Kolodziejczyk,10
0.9735212,Kolodziejczyk,10
0.9316098,Kolodziejczyk,10
0.9911274,Kolodziejczyk,10
0.9955185,Kolodziejczyk,10
0.9954902,Kolodziejczyk,10
0.9955776,Kolodziejczyk,10
0.991145,Kolodziejczyk,10
1,Kolodziejczyk,10
1,Kolodziejczyk,10
0.9911788,Kolodziejczyk,10
0.8985974,Kolodziejczyk,10
0.995528,Kolodziejczyk,10
0.9955767,Kolodziejczyk,10
0.9954566,Kolodziejczyk,10
0.9870463,Kolodziejczyk,10
0.9268728,Kolodziejczyk,10
0.928368,Kolodziejczyk,10
0.9778116,Kolodziejczyk,10
0.9910599,Kolodziejczyk,10
0.8694183,Kolodziejczyk,10
0.9522714,Kolodziejczyk,10
1,Kolodziejczyk,10
0.9695474,Kolodziejczyk,10
0.9912185,Kolodziejczyk,10
0.9911779,Kolodziejczyk,10
0.9910935,Kolodziejczyk,10
0.5961803,Kolodziejczyk,10
0.9910406,Kolodziejczyk,10
0.9866678,Kolodziejczyk,10
0.9912385,Kolodziejczyk,10
0.9955633,Kolodziejczyk,10
0.9189143,Kolodziejczyk,10
0.911049,Kolodziejczyk,10
0.9910987,Kolodziejczyk,10
0.9912048,Kolodziejczyk,10
0.9697799,Kolodziejczyk,10
0.9652156,Kolodziejczyk,10
0.9693362,Kolodziejczyk,10
0.9781846,Kolodziejczyk,10
0.9915286,Kolodziejczyk,10
0.9828796,Kolodziejczyk,10
0.9695474,Kolodziejczyk,10
1,Kolodziejczyk,10
0.9867157,Kolodziejczyk,10
0.994981,Kolodziejczyk,20
1,Kolodziejczyk,20
1,Kolodziejczyk,20
1,Kolodziejczyk,20
0.9950214,Kolodziejczyk,20
1,Kolodziejczyk,20
0.9896645,Kolodziejczyk,20
1,Kolodziejczyk,20
0.9898087,Kolodziejczyk,20
0.9950984,Kolodziejczyk,20
0.9846552,Kolodziejczyk,20
1,Kolodziejczyk,20
1,Kolodziejczyk,20
1,Kolodziejczyk,20
1,Kolodziejczyk,20
1,Kolodziejczyk,20
0.9950302,Kolodziejczyk,20
0.9950129,Kolodziejczyk,20
1,Kolodziejczyk,20
1,Kolodziejczyk,20
0.9850999,Kolodziejczyk,20
1,Kolodziejczyk,20
0.9949706,Kolodziejczyk,20
1,Kolodziejczyk,20
1,Kolodziejczyk,20
0.9949372,Kolodziejczyk,20
0.994955,Kolodziejczyk,20
0.9949004,Kolodziejczyk,20
0.9949049,Kolodziejczyk,20
0.9950195,Kolodziejczyk,20
1,Kolodziejczyk,20
0.9898605,Kolodziejczyk,20
0.9949538,Kolodziejczyk,20
0.9850725,Kolodziejczyk,20
0.9949876,Kolodziejczyk,20
0.9846141,Kolodziejczyk,20
0.9752174,Kolodziejczyk,20
1,Kolodziejczyk,20
1,Kolodziejczyk,20
0.9949718,Kolodziejczyk,20
1,Kolodziejczyk,20
1,Kolodziejczyk,20
1,Kolodziejczyk,20
0.9900326,Kolodziejczyk,20
0.9949068,Kolodziejczyk,20
1,Kolodziejczyk,20
0.9899182,Kolodziejczyk,20
0.9752391,Kolodziejczyk,20
1,Kolodziejczyk,20
0.9948378,Kolodziejczyk,20
1,Kolodziejczyk,20
1,Kolodziejczyk,20
1,Kolodziejczyk,20
0.9950695,Kolodziejczyk,20
0.9950631,Kolodziejczyk,20
0.9949411,Kolodziejczyk,20
1,Kolodziejczyk,20
0.9949248,Kolodziejczyk,20
0.9949449,Kolodziejczyk,20
0.9949764,Kolodziejczyk,20
0.9949212,Kolodziejczyk,20
1,Kolodziejczyk,20
0.9951119,Kolodziejczyk,20
1,Kolodziejczyk,20
0.9950291,Kolodziejczyk,20
1,Kolodziejczyk,20
0.9949081,Kolodziejczyk,20
0.9950259,Kolodziejczyk,20
0.9949292,Kolodziejczyk,20
1,Kolodziejczyk,20
0.9948245,Kolodziejczyk,20
1,Kolodziejczyk,20
0.9900833,Kolodziejczyk,20
0.9950121,Kolodziejczyk,20
0.9949337,Kolodziejczyk,20
1,Kolodziejczyk,20
1,Kolodziejczyk,20
0.9849256,Kolodziejczyk,20
0.9850842,Kolodziejczyk,20
0.9848755,Kolodziejczyk,20
0.9898421,Kolodziejczyk,20
1,Kolodziejczyk,20
0.9948855,Kolodziejczyk,20
1,Kolodziejczyk,20
1,Kolodziejczyk,20
0.9950772,Kolodziejczyk,20
1,Kolodziejczyk,20
1,Kolodziejczyk,20
1,Kolodziejczyk,20
0.9949187,Kolodziejczyk,20
1,Kolodziejczyk,20
1,Kolodziejczyk,20
1,Kolodziejczyk,20
1,Kolodziejczyk,20
1,Kolodziejczyk,20
0.9949372,Kolodziejczyk,20
1,Kolodziejczyk,20
0.9950555,Kolodziejczyk,20
1,Kolodziejczyk,20
1,Kolodziejczyk,20
1,Kolodziejczyk,30
1,Kolodziejczyk,30
1,Kolodziejczyk,30
1,Kolodziejczyk,30
1,Kolodziejczyk,30
1,Kolodziejczyk,30
1,Kolodziejczyk,30
1,Kolodziejczyk,30
0.9942026,Kolodziejczyk,30
1,Kolodziejczyk,30
0.9941859,Kolodziejczyk,30
1,Kolodziejczyk,30
0.9941447,Kolodziejczyk,30
1,Kolodziejczyk,30
1,Kolodziejczyk,30
1,Kolodziejczyk,30
0.9942209,Kolodziejczyk,30
1,Kolodziejczyk,30
1,Kolodziejczyk,30
1,Kolodziejczyk,30
0.9886205,Kolodziejczyk,30
0.9943092,Kolodziejczyk,30
1,Kolodziejczyk,30
1,Kolodziejczyk,30
1,Kolodziejczyk,30
0.9941714,Kolodziejczyk,30
1,Kolodziejczyk,30
0.9941831,Kolodziejczyk,30
1,Kolodziejczyk,30
1,Kolodziejczyk,30
1,Kolodziejczyk,30
1,Kolodziejczyk,30
0.9941607,Kolodziejczyk,30
1,Kolodziejczyk,30
0.9942698,Kolodziejczyk,30
1,Kolodziejczyk,30
0.9887911,Kolodziejczyk,30
0.9944712,Kolodziejczyk,30
0.9943141,Kolodziejczyk,30
1,Kolodziejczyk,30
1,Kolodziejczyk,30
1,Kolodziejczyk,30
1,Kolodziejczyk,30
0.9887478,Kolodziejczyk,30
1,Kolodziejczyk,30
1,Kolodziejczyk,30
1,Kolodziejczyk,30
1,Kolodziejczyk,30
1,Kolodziejczyk,30
0.9942209,Kolodziejczyk,30
1,Kolodziejczyk,30
1,Kolodziejczyk,30
1,Kolodziejczyk,30
1,Kolodziejczyk,30
1,Kolodziejczyk,30
1,Kolodziejczyk,30
1,Kolodziejczyk,30
1,Kolodziejczyk,30
0.994166,Kolodziejczyk,30
1,Kolodziejczyk,30
1,Kolodziejczyk,30
1,Kolodziejczyk,30
1,Kolodziejczyk,30
1,Kolodziejczyk,30
1,Kolodziejczyk,30
1,Kolodziejczyk,30
0.9940805,Kolodziejczyk,30
1,Kolodziejczyk,30
1,Kolodziejczyk,30
1,Kolodziejczyk,30
0.9941275,Kolodziejczyk,30
1,Kolodziejczyk,30
1,Kolodziejczyk,30
1,Kolodziejczyk,30
0.994227,Kolodziejczyk,30
1,Kolodziejczyk,30
1,Kolodziejczyk,30
0.9942795,Kolodziejczyk,30
1,Kolodziejczyk,30
0.9884453,Kolodziejczyk,30
1,Kolodziejczyk,30
1,Kolodziejczyk,30
0.9884347,Kolodziejczyk,30
1,Kolodziejczyk,30
1,Kolodziejczyk,30
0.9944064,Kolodziejczyk,30
1,Kolodziejczyk,30
1,Kolodziejczyk,30
1,Kolodziejczyk,30
1,Kolodziejczyk,30
1,Kolodziejczyk,30
1,Kolodziejczyk,30
0.994233,Kolodziejczyk,30
0.9941166,Kolodziejczyk,30
1,Kolodziejczyk,30
1,Kolodziejczyk,30
1,Kolodziejczyk,30
0.9942753,Kolodziejczyk,30
1,Kolodziejczyk,30
1,Kolodziejczyk,30
1,Kolodziejczyk,40
1,Kolodziejczyk,40
1,Kolodziejczyk,40
1,Kolodziejczyk,40
1,Kolodziejczyk,40
1,Kolodziejczyk,40
1,Kolodziejczyk,40
1,Kolodziejczyk,40
0.993311,Kolodziejczyk,40
1,Kolodziejczyk,40
0.993188,Kolodziejczyk,40
1,Kolodziejczyk,40
1,Kolodziejczyk,40
1,Kolodziejczyk,40
1,Kolodziejczyk,40
1,Kolodziejczyk,40
1,Kolodziejczyk,40
1,Kolodziejczyk,40
1,Kolodziejczyk,40
1,Kolodziejczyk,40
0.9933838,Kolodziejczyk,40
1,Kolodziejczyk,40
1,Kolodziejczyk,40
1,Kolodziejczyk,40
1,Kolodziejczyk,40
1,Kolodziejczyk,40
1,Kolodziejczyk,40
1,Kolodziejczyk,40
1,Kolodziejczyk,40
1,Kolodziejczyk,40
1,Kolodziejczyk,40
1,Kolodziejczyk,40
1,Kolodziejczyk,40
1,Kolodziejczyk,40
0.9931495,Kolodziejczyk,40
1,Kolodziejczyk,40
0.9933035,Kolodziejczyk,40
1,Kolodziejczyk,40
1,Kolodziejczyk,40
1,Kolodziejczyk,40
1,Kolodziejczyk,40
1,Kolodziejczyk,40
1,Kolodziejczyk,40
1,Kolodziejczyk,40
1,Kolodziejczyk,40
1,Kolodziejczyk,40
1,Kolodziejczyk,40
1,Kolodziejczyk,40
1,Kolodziejczyk,40
1,Kolodziejczyk,40
1,Kolodziejczyk,40
1,Kolodziejczyk,40
1,Kolodziejczyk,40
1,Kolodziejczyk,40
1,Kolodziejczyk,40
1,Kolodziejczyk,40
1,Kolodziejczyk,40
1,Kolodziejczyk,40
1,Kolodziejczyk,40
1,Kolodziejczyk,40
1,Kolodziejczyk,40
1,Kolodziejczyk,40
1,Kolodziejczyk,40
1,Kolodziejczyk,40
1,Kolodziejczyk,40
1,Kolodziejczyk,40
1,Kolodziejczyk,40
1,Kolodziejczyk,40
1,Kolodziejczyk,40
1,Kolodziejczyk,40
0.9929924,Kolodziejczyk,40
1,Kolodziejczyk,40
1,Kolodziejczyk,40
1,Kolodziejczyk,40
1,Kolodziejczyk,40
1,Kolodziejczyk,40
1,Kolodziejczyk,40
1,Kolodziejczyk,40
1,Kolodziejczyk,40
1,Kolodziejczyk,40
1,Kolodziejczyk,40
1,Kolodziejczyk,40
1,Kolodziejczyk,40
1,Kolodziejczyk,40
1,Kolodziejczyk,40
1,Kolodziejczyk,40
1,Kolodziejczyk,40
1,Kolodziejczyk,40
1,Kolodziejczyk,40
1,Kolodziejczyk,40
0.9932801,Kolodziejczyk,40
1,Kolodziejczyk,40
0.9933784,Kolodziejczyk,40
0.9931453,Kolodziejczyk,40
1,Kolodziejczyk,40
1,Kolodziejczyk,40
1,Kolodziejczyk,40
1,Kolodziejczyk,40
1,Kolodziejczyk,40
1,Kolodziejczyk,40
1,Kolodziejczyk,50
1,Kolodziejczyk,50
1,Kolodziejczyk,50
1,Kolodziejczyk,50
1,Kolodziejczyk,50
1,Kolodziejczyk,50
1,Kolodziejczyk,50
1,Kolodziejczyk,50
1,Kolodziejczyk,50
1,Kolodziejczyk,50
1,Kolodziejczyk,50
1,Kolodziejczyk,50
1,Kolodziejczyk,50
1,Kolodziejczyk,50
1,Kolodziejczyk,50
1,Kolodziejczyk,50
1,Kolodziejczyk,50
1,Kolodziejczyk,50
1,Kolodziejczyk,50
1,Kolodziejczyk,50
1,Kolodziejczyk,50
1,Kolodziejczyk,50
1,Kolodziejczyk,50
1,Kolodziejczyk,50
1,Kolodziejczyk,50
1,Kolodziejczyk,50
1,Kolodziejczyk,50
1,Kolodziejczyk,50
1,Kolodziejczyk,50
1,Kolodziejczyk,50
1,Kolodziejczyk,50
1,Kolodziejczyk,50
1,Kolodziejczyk,50
1,Kolodziejczyk,50
1,Kolodziejczyk,50
1,Kolodziejczyk,50
1,Kolodziejczyk,50
1,Kolodziejczyk,50
1,Kolodziejczyk,50
1,Kolodziejczyk,50
1,Kolodziejczyk,50
1,Kolodziejczyk,50
1,Kolodziejczyk,50
1,Kolodziejczyk,50
1,Kolodziejczyk,50
1,Kolodziejczyk,50
1,Kolodziejczyk,50
1,Kolodziejczyk,50
1,Kolodziejczyk,50
1,Kolodziejczyk,50
1,Kolodziejczyk,50
1,Kolodziejczyk,50
1,Kolodziejczyk,50
1,Kolodziejczyk,50
1,Kolodziejczyk,50
1,Kolodziejczyk,50
1,Kolodziejczyk,50
1,Kolodziejczyk,50
1,Kolodziejczyk,50
1,Kolodziejczyk,50
1,Kolodziejczyk,50
1,Kolodziejczyk,50
1,Kolodziejczyk,50
1,Kolodziejczyk,50
1,Kolodziejczyk,50
1,Kolodziejczyk,50
1,Kolodziejczyk,50
1,Kolodziejczyk,50
1,Kolodziejczyk,50
1,Kolodziejczyk,50
1,Kolodziejczyk,50
1,Kolodziejczyk,50
1,Kolodziejczyk,50
1,Kolodziejczyk,50
1,Kolodziejczyk,50
1,Kolodziejczyk,50
1,Kolodziejczyk,50
1,Kolodziejczyk,50
1,Kolodziejczyk,50
1,Kolodziejczyk,50
1,Kolodziejczyk,50
1,Kolodziejczyk,50
1,Kolodziejczyk,50
1,Kolodziejczyk,50
1,Kolodziejczyk,50
1,Kolodziejczyk,50
1,Kolodziejczyk,50
1,Kolodziejczyk,50
1,Kolodziejczyk,50
1,Kolodziejczyk,50
0.9918068,Kolodziejczyk,50
1,Kolodziejczyk,50
1,Kolodziejczyk,50
1,Kolodziejczyk,50
1,Kolodziejczyk,50
1,Kolodziejczyk,50
1,Kolodziejczyk,50
1,Kolodziejczyk,50
1,Kolodziejczyk,50
1,Kolodziejczyk,50
0.6232983,Macosko,1
0.5743523,Macosko,1
0.5886314,Macosko,1
0.6098139,Macosko,1
0.6052135,Macosko,1
0.5501998,Macosko,1
0.6290324,Macosko,1
0.5929751,Macosko,1
0.6522983,Macosko,1
0.6287218,Macosko,1
0.6013917,Macosko,1
0.5906053,Macosko,1
0.589064,Macosko,1
0.6001009,Macosko,1
0.6321675,Macosko,1
0.6314616,Macosko,1
0.6469437,Macosko,1
0.5979936,Macosko,1
0.6626117,Macosko,1
0.6197006,Macosko,1
0.5434004,Macosko,1
0.6447847,Macosko,1
0.6867062,Macosko,1
0.6608759,Macosko,1
0.5311004,Macosko,1
0.6186187,Macosko,1
0.4714757,Macosko,1
0.6231359,Macosko,1
0.5432153,Macosko,1
0.6452529,Macosko,1
0.6729316,Macosko,1
0.5637727,Macosko,1
0.6249472,Macosko,1
0.6263759,Macosko,1
0.5215793,Macosko,1
0.7236752,Macosko,1
0.662945,Macosko,1
0.6591976,Macosko,1
0.612023,Macosko,1
0.5991733,Macosko,1
0.574613,Macosko,1
0.6603354,Macosko,1
0.6267874,Macosko,1
0.4918105,Macosko,1
0.5950027,Macosko,1
0.6380773,Macosko,1
0.5867071,Macosko,1
0.6483078,Macosko,1
0.5947633,Macosko,1
0.5988653,Macosko,1
0.6741256,Macosko,1
0.6541234,Macosko,1
0.6255955,Macosko,1
0.6330202,Macosko,1
0.6235029,Macosko,1
0.6573067,Macosko,1
0.6202452,Macosko,1
0.5980847,Macosko,1
0.5472213,Macosko,1
0.6529529,Macosko,1
0.6821068,Macosko,1
0.6493918,Macosko,1
0.647444,Macosko,1
0.6259229,Macosko,1
0.6245284,Macosko,1
0.5926201,Macosko,1
0.5454131,Macosko,1
0.5828769,Macosko,1
0.5779929,Macosko,1
0.6187828,Macosko,1
0.5726981,Macosko,1
0.5421848,Macosko,1
0.6570616,Macosko,1
0.5771074,Macosko,1
0.7090886,Macosko,1
0.6047401,Macosko,1
0.5969142,Macosko,1
0.618791,Macosko,1
0.6411285,Macosko,1
0.4938597,Macosko,1
0.6641948,Macosko,1
0.714903,Macosko,1
0.6549533,Macosko,1
0.6094549,Macosko,1
0.6632463,Macosko,1
0.6793466,Macosko,1
0.669797,Macosko,1
0.6631844,Macosko,1
0.623319,Macosko,1
0.5178311,Macosko,1
0.6161131,Macosko,1
0.541465,Macosko,1
0.492828,Macosko,1
0.6278989,Macosko,1
0.6777728,Macosko,1
0.683382,Macosko,1
0.6407073,Macosko,1
0.5640234,Macosko,1
0.5772637,Macosko,1
0.6223819,Macosko,1
0.7573463,Macosko,2
0.7676036,Macosko,2
0.7189487,Macosko,2
0.7096221,Macosko,2
0.7258221,Macosko,2
0.7193789,Macosko,2
0.7112593,Macosko,2
0.7591341,Macosko,2
0.7665726,Macosko,2
0.7257892,Macosko,2
0.674629,Macosko,2
0.7236209,Macosko,2
0.6559531,Macosko,2
0.7168199,Macosko,2
0.6869379,Macosko,2
0.7334991,Macosko,2
0.7225369,Macosko,2
0.7505396,Macosko,2
0.6783885,Macosko,2
0.7329097,Macosko,2
0.759433,Macosko,2
0.7414472,Macosko,2
0.6906625,Macosko,2
0.7507589,Macosko,2
0.676362,Macosko,2
0.6780404,Macosko,2
0.7671734,Macosko,2
0.7544133,Macosko,2
0.7364704,Macosko,2
0.7642595,Macosko,2
0.777646,Macosko,2
0.7604033,Macosko,2
0.6478148,Macosko,2
0.6619553,Macosko,2
0.7443797,Macosko,2
0.7538242,Macosko,2
0.7223367,Macosko,2
0.7635673,Macosko,2
0.7118016,Macosko,2
0.7100036,Macosko,2
0.7380963,Macosko,2
0.7574112,Macosko,2
0.6844402,Macosko,2
0.7259726,Macosko,2
0.7404499,Macosko,2
0.7147813,Macosko,2
0.6801279,Macosko,2
0.7065124,Macosko,2
0.6871603,Macosko,2
0.7058471,Macosko,2
0.7726532,Macosko,2
0.7595135,Macosko,2
0.7044036,Macosko,2
0.6705232,Macosko,2
0.768363,Macosko,2
0.7139621,Macosko,2
0.7235271,Macosko,2
0.7137987,Macosko,2
0.6798005,Macosko,2
0.6584131,Macosko,2
0.7759407,Macosko,2
0.7769889,Macosko,2
0.687517,Macosko,2
0.7327025,Macosko,2
0.6534407,Macosko,2
0.7448105,Macosko,2
0.705892,Macosko,2
0.7192114,Macosko,2
0.7231418,Macosko,2
0.7371706,Macosko,2
0.7425187,Macosko,2
0.7481256,Macosko,2
0.7630079,Macosko,2
0.7328041,Macosko,2
0.7273457,Macosko,2
0.7198662,Macosko,2
0.7281108,Macosko,2
0.7345693,Macosko,2
0.731074,Macosko,2
0.7407986,Macosko,2
0.7397679,Macosko,2
0.6843686,Macosko,2
0.714419,Macosko,2
0.6975744,Macosko,2
0.6918963,Macosko,2
0.7789476,Macosko,2
0.6726393,Macosko,2
0.6871836,Macosko,2
0.7761267,Macosko,2
0.7787154,Macosko,2
0.7759451,Macosko,2
0.7288201,Macosko,2
0.7609754,Macosko,2
0.6953126,Macosko,2
0.8073032,Macosko,2
0.70597,Macosko,2
0.7501381,Macosko,2
0.7141914,Macosko,2
0.7069381,Macosko,2
0.6867754,Macosko,2
0.7636159,Macosko,3
0.7704935,Macosko,3
0.7831471,Macosko,3
0.8003483,Macosko,3
0.7643007,Macosko,3
0.7811477,Macosko,3
0.7970199,Macosko,3
0.7703953,Macosko,3
0.7755827,Macosko,3
0.7757937,Macosko,3
0.7431861,Macosko,3
0.8022495,Macosko,3
0.7428871,Macosko,3
0.7461838,Macosko,3
0.7731767,Macosko,3
0.742745,Macosko,3
0.7858198,Macosko,3
0.7738111,Macosko,3
0.7972646,Macosko,3
0.7637691,Macosko,3
0.7703827,Macosko,3
0.81333,Macosko,3
0.7767606,Macosko,3
0.7029271,Macosko,3
0.7888345,Macosko,3
0.8197705,Macosko,3
0.7445574,Macosko,3
0.7768521,Macosko,3
0.7933022,Macosko,3
0.8001378,Macosko,3
0.7778365,Macosko,3
0.7804773,Macosko,3
0.7516793,Macosko,3
0.7783203,Macosko,3
0.7749971,Macosko,3
0.7844127,Macosko,3
0.7834384,Macosko,3
0.7399201,Macosko,3
0.7597337,Macosko,3
0.7757975,Macosko,3
0.764052,Macosko,3
0.80227,Macosko,3
0.7615236,Macosko,3
0.7708542,Macosko,3
0.8001018,Macosko,3
0.8009275,Macosko,3
0.7838676,Macosko,3
0.7315028,Macosko,3
0.7512315,Macosko,3
0.7802906,Macosko,3
0.7743201,Macosko,3
0.7822815,Macosko,3
0.7801484,Macosko,3
0.7770794,Macosko,3
0.7888096,Macosko,3
0.7966804,Macosko,3
0.8118506,Macosko,3
0.7797208,Macosko,3
0.7829982,Macosko,3
0.8149436,Macosko,3
0.7876117,Macosko,3
0.7603777,Macosko,3
0.7535629,Macosko,3
0.7711002,Macosko,3
0.7647345,Macosko,3
0.7771621,Macosko,3
0.7411109,Macosko,3
0.7567642,Macosko,3
0.7788599,Macosko,3
0.7843613,Macosko,3
0.7791685,Macosko,3
0.7745914,Macosko,3
0.8094013,Macosko,3
0.7797964,Macosko,3
0.7639904,Macosko,3
0.8394301,Macosko,3
0.7554548,Macosko,3
0.8014017,Macosko,3
0.7629251,Macosko,3
0.8176935,Macosko,3
0.802401,Macosko,3
0.7934612,Macosko,3
0.8091595,Macosko,3
0.8216566,Macosko,3
0.7531467,Macosko,3
0.7869027,Macosko,3
0.7755758,Macosko,3
0.756838,Macosko,3
0.8079468,Macosko,3
0.7872056,Macosko,3
0.8026703,Macosko,3
0.7841419,Macosko,3
0.8227487,Macosko,3
0.8056179,Macosko,3
0.7997996,Macosko,3
0.8092377,Macosko,3
0.7658738,Macosko,3
0.8206556,Macosko,3
0.7937211,Macosko,3
0.7721136,Macosko,3
0.7323143,Patel,10
0.6655845,Patel,10
0.4023252,Patel,10
0.5652605,Patel,10
0.758726,Patel,10
0.8016942,Patel,10
0.7389266,Patel,10
0.7434686,Patel,10
0.6189612,Patel,10
0.6856419,Patel,10
0.7023792,Patel,10
0.8945749,Patel,10
0.8023317,Patel,10
0.7531084,Patel,10
0.6804267,Patel,10
0.8364118,Patel,10
0.6822396,Patel,10
0.7204331,Patel,10
0.8289159,Patel,10
0.5667369,Patel,10
0.8148315,Patel,10
0.6558118,Patel,10
0.6553653,Patel,10
0.5324883,Patel,10
0.6479247,Patel,10
0.6133994,Patel,10
0.7720565,Patel,10
0.8720736,Patel,10
0.7665354,Patel,10
0.6351335,Patel,10
0.7121814,Patel,10
0.6520387,Patel,10
0.6083722,Patel,10
0.7031163,Patel,10
0.7418667,Patel,10
0.6509764,Patel,10
0.7783845,Patel,10
0.7443088,Patel,10
0.4925289,Patel,10
0.6043322,Patel,10
0.5978571,Patel,10
0.7128414,Patel,10
0.6025504,Patel,10
0.6831569,Patel,10
0.7649257,Patel,10
0.6234969,Patel,10
0.5982819,Patel,10
0.8459069,Patel,10
0.657946,Patel,10
0.6658363,Patel,10
0.8176558,Patel,10
0.7425477,Patel,10
0.6827387,Patel,10
0.6059539,Patel,10
0.7186311,Patel,10
0.812106,Patel,10
0.6235306,Patel,10
0.6231541,Patel,10
0.7500059,Patel,10
0.5860472,Patel,10
0.7958199,Patel,10
0.6194297,Patel,10
0.5383379,Patel,10
0.7083098,Patel,10
0.5954397,Patel,10
0.6536056,Patel,10
0.8883231,Patel,10
0.8596371,Patel,10
0.7252496,Patel,10
0.7247738,Patel,10
0.7516519,Patel,10
0.8686077,Patel,10
0.8473353,Patel,10
0.8042257,Patel,10
0.7414102,Patel,10
0.691777,Patel,10
0.7432519,Patel,10
0.756659,Patel,10
0.520265,Patel,10
0.6557973,Patel,10
0.5454644,Patel,10
0.8491102,Patel,10
0.7773987,Patel,10
0.6415105,Patel,10
0.686927,Patel,10
0.6037255,Patel,10
0.7656398,Patel,10
0.690697,Patel,10
0.8439006,Patel,10
0.6648249,Patel,10
0.6254084,Patel,10
0.6177798,Patel,10
0.8072416,Patel,10
0.60118,Patel,10
0.6975121,Patel,10
0.7597201,Patel,10
0.5652066,Patel,10
0.6905383,Patel,10
0.6742164,Patel,10
0.7142963,Patel,10
0.8137292,Patel,20
0.8690178,Patel,20
0.6610389,Patel,20
0.7669817,Patel,20
0.8812837,Patel,20
0.9004104,Patel,20
0.8935473,Patel,20
0.8281628,Patel,20
0.9030438,Patel,20
0.8752469,Patel,20
0.9808421,Patel,20
0.9302388,Patel,20
0.9244988,Patel,20
0.877646,Patel,20
0.9038071,Patel,20
0.9148285,Patel,20
0.8571873,Patel,20
0.9070634,Patel,20
0.8781626,Patel,20
0.8676282,Patel,20
0.9222955,Patel,20
0.8009168,Patel,20
0.8965479,Patel,20
0.8658456,Patel,20
0.8614098,Patel,20
0.9272687,Patel,20
0.9573434,Patel,20
0.9191322,Patel,20
0.9148295,Patel,20
0.9030242,Patel,20
0.8545582,Patel,20
0.9045578,Patel,20
0.7009961,Patel,20
0.918822,Patel,20
0.9358432,Patel,20
0.8199072,Patel,20
0.9032619,Patel,20
0.8876217,Patel,20
0.8331908,Patel,20
0.7861024,Patel,20
0.8926119,Patel,20
0.8741527,Patel,20
0.9418609,Patel,20
0.8089185,Patel,20
0.9543566,Patel,20
0.8087755,Patel,20
0.859082,Patel,20
0.9032596,Patel,20
0.9271203,Patel,20
0.8663662,Patel,20
0.9003332,Patel,20
0.8539333,Patel,20
0.8544935,Patel,20
0.6749714,Patel,20
0.8690764,Patel,20
0.9022782,Patel,20
0.9570072,Patel,20
0.910701,Patel,20
0.838749,Patel,20
0.8922931,Patel,20
0.9045335,Patel,20
0.8817148,Patel,20
0.7762226,Patel,20
0.8800637,Patel,20
0.8755371,Patel,20
0.8784793,Patel,20
0.9639949,Patel,20
0.9458394,Patel,20
0.9595092,Patel,20
0.8657001,Patel,20
0.8679008,Patel,20
0.910868,Patel,20
0.95367,Patel,20
0.8453595,Patel,20
0.8755355,Patel,20
0.8958654,Patel,20
0.9052088,Patel,20
0.936847,Patel,20
0.9128106,Patel,20
0.9351778,Patel,20
0.8887187,Patel,20
0.9533628,Patel,20
0.9293088,Patel,20
0.9361387,Patel,20
0.9419081,Patel,20
0.8762247,Patel,20
0.888592,Patel,20
0.8541025,Patel,20
0.926794,Patel,20
0.8923273,Patel,20
0.8736871,Patel,20
0.8860808,Patel,20
0.9281537,Patel,20
0.9055537,Patel,20
0.8380293,Patel,20
0.8192329,Patel,20
0.724656,Patel,20
0.8885659,Patel,20
0.9486457,Patel,20
0.9042279,Patel,20
0.9526601,Patel,30
0.901595,Patel,30
0.8658981,Patel,30
0.9342088,Patel,30
0.9030955,Patel,30
0.9299445,Patel,30
0.9669194,Patel,30
0.9166902,Patel,30
0.9315704,Patel,30
0.9297257,Patel,30
0.9676484,Patel,30
0.9677406,Patel,30
0.9870336,Patel,30
0.9361659,Patel,30
0.9761542,Patel,30
0.9494032,Patel,30
0.8981852,Patel,30
0.9327657,Patel,30
0.9291138,Patel,30
0.9404825,Patel,30
0.9495764,Patel,30
0.9472349,Patel,30
0.9031262,Patel,30
0.8998783,Patel,30
0.945611,Patel,30
0.9401219,Patel,30
0.9583272,Patel,30
0.9301188,Patel,30
0.9247021,Patel,30
0.9472811,Patel,30
0.9065617,Patel,30
0.9627005,Patel,30
0.9110957,Patel,30
0.9759616,Patel,30
0.9679379,Patel,30
0.9122525,Patel,30
0.9361731,Patel,30
0.9234152,Patel,30
0.8700844,Patel,30
0.8987919,Patel,30
0.9325504,Patel,30
0.9131107,Patel,30
0.9571134,Patel,30
0.9009642,Patel,30
0.9548532,Patel,30
0.9444482,Patel,30
0.9265421,Patel,30
0.9399267,Patel,30
0.9542226,Patel,30
0.9227001,Patel,30
0.9648706,Patel,30
0.9517325,Patel,30
0.8883785,Patel,30
0.8983028,Patel,30
0.9321572,Patel,30
0.9316026,Patel,30
0.977777,Patel,30
0.9447173,Patel,30
0.9510144,Patel,30
0.9405191,Patel,30
0.9349678,Patel,30
0.9555047,Patel,30
0.924055,Patel,30
0.9117647,Patel,30
0.9163738,Patel,30
0.9418275,Patel,30
0.9737367,Patel,30
0.9278003,Patel,30
0.9606158,Patel,30
0.9245867,Patel,30
0.8910808,Patel,30
0.9613428,Patel,30
0.975604,Patel,30
0.9197565,Patel,30
0.9253576,Patel,30
0.9205637,Patel,30
0.9154053,Patel,30
0.919761,Patel,30
0.95748,Patel,30
0.9256133,Patel,30
0.9507761,Patel,30
0.968035,Patel,30
0.9231313,Patel,30
0.9639038,Patel,30
0.965039,Patel,30
0.9174254,Patel,30
0.9179906,Patel,30
0.9392354,Patel,30
0.8911235,Patel,30
0.9408568,Patel,30
0.9261721,Patel,30
0.8878645,Patel,30
0.9425509,Patel,30
0.9125619,Patel,30
0.9118392,Patel,30
0.9504755,Patel,30
0.9188715,Patel,30
0.8975125,Patel,30
0.9306603,Patel,30
0.9305276,Patel,30
0.961822,Patel,40
0.8892573,Patel,40
0.9502749,Patel,40
0.9804424,Patel,40
0.9405077,Patel,40
0.9645268,Patel,40
0.962508,Patel,40
0.9567348,Patel,40
0.9144215,Patel,40
0.9752782,Patel,40
0.9611981,Patel,40
0.9680888,Patel,40
0.9807071,Patel,40
0.9569956,Patel,40
0.9743459,Patel,40
0.9924288,Patel,40
0.92949,Patel,40
0.9579195,Patel,40
0.9521709,Patel,40
0.9742847,Patel,40
0.9609341,Patel,40
0.9544043,Patel,40
0.922686,Patel,40
0.981242,Patel,40
0.975902,Patel,40
0.9661588,Patel,40
0.9534941,Patel,40
0.9534394,Patel,40
0.9366291,Patel,40
0.9627538,Patel,40
0.9346343,Patel,40
0.9645312,Patel,40
0.9046338,Patel,40
0.9634002,Patel,40
0.9761343,Patel,40
0.9679968,Patel,40
0.9497346,Patel,40
0.9367412,Patel,40
0.9446813,Patel,40
0.9487577,Patel,40
0.9297642,Patel,40
0.9274316,Patel,40
0.9602196,Patel,40
0.9504012,Patel,40
0.9312757,Patel,40
0.9525277,Patel,40
0.9747366,Patel,40
0.9502669,Patel,40
0.9468182,Patel,40
0.945066,Patel,40
0.9831353,Patel,40
0.9434375,Patel,40
0.9326547,Patel,40
0.9188967,Patel,40
0.957032,Patel,40
0.9439173,Patel,40
0.9853616,Patel,40
0.9906383,Patel,40
0.9592697,Patel,40
0.9402104,Patel,40
0.9330352,Patel,40
0.9594342,Patel,40
0.9620665,Patel,40
0.9367874,Patel,40
0.9593542,Patel,40
0.9440749,Patel,40
0.9672327,Patel,40
0.9514073,Patel,40
0.9544591,Patel,40
0.9455008,Patel,40
0.9868242,Patel,40
0.9607964,Patel,40
0.9735771,Patel,40
0.9323546,Patel,40
0.9705228,Patel,40
0.9421252,Patel,40
0.9422628,Patel,40
0.9706323,Patel,40
0.9819787,Patel,40
0.9224639,Patel,40
0.9812519,Patel,40
0.9912593,Patel,40
0.9209652,Patel,40
0.9748984,Patel,40
0.9747726,Patel,40
0.9303675,Patel,40
0.9255821,Patel,40
0.9601057,Patel,40
0.9265281,Patel,40
0.9474656,Patel,40
0.9473171,Patel,40
0.9330058,Patel,40
0.9698831,Patel,40
0.9250904,Patel,40
0.9374791,Patel,40
0.9765103,Patel,40
0.9417353,Patel,40
0.9297497,Patel,40
0.9335438,Patel,40
0.9480875,Patel,40
0.9668492,Patel,50
0.9243754,Patel,50
0.9302102,Patel,50
1,Patel,50
0.9698539,Patel,50
0.9863708,Patel,50
0.9641958,Patel,50
0.961032,Patel,50
0.9501388,Patel,50
0.9666617,Patel,50
0.960229,Patel,50
0.979151,Patel,50
0.9768342,Patel,50
0.9813089,Patel,50
0.969201,Patel,50
1,Patel,50
0.9353734,Patel,50
0.9482775,Patel,50
0.9493269,Patel,50
0.9825717,Patel,50
0.9710709,Patel,50
0.9466106,Patel,50
0.9411202,Patel,50
0.9771901,Patel,50
0.9683447,Patel,50
0.9768023,Patel,50
0.9474834,Patel,50
0.9661551,Patel,50
0.9460728,Patel,50
0.9899058,Patel,50
0.9646819,Patel,50
0.9801135,Patel,50
0.9235035,Patel,50
0.9899496,Patel,50
0.9813312,Patel,50
0.9838519,Patel,50
0.9658925,Patel,50
0.9578713,Patel,50
0.97012,Patel,50
0.9573086,Patel,50
0.9715976,Patel,50
0.9426267,Patel,50
0.9694397,Patel,50
0.963749,Patel,50
0.9382964,Patel,50
0.976956,Patel,50
0.9693635,Patel,50
0.9387803,Patel,50
0.965491,Patel,50
0.9631169,Patel,50
0.9783225,Patel,50
0.9736121,Patel,50
0.9321049,Patel,50
0.9363934,Patel,50
0.966173,Patel,50
0.9481186,Patel,50
1,Patel,50
0.9885087,Patel,50
0.9621193,Patel,50
0.9511381,Patel,50
0.9323322,Patel,50
0.9835355,Patel,50
0.9645693,Patel,50
0.9666512,Patel,50
0.9593137,Patel,50
0.9621024,Patel,50
0.9812565,Patel,50
0.9709833,Patel,50
0.9655442,Patel,50
0.937447,Patel,50
0.9796212,Patel,50
0.962791,Patel,50
0.989287,Patel,50
0.9607613,Patel,50
0.971832,Patel,50
0.9498675,Patel,50
0.9648893,Patel,50
0.9909514,Patel,50
0.9901668,Patel,50
0.9314401,Patel,50
0.9870206,Patel,50
1,Patel,50
0.9328325,Patel,50
0.982026,Patel,50
0.9686549,Patel,50
0.9282945,Patel,50
0.9190314,Patel,50
0.9605191,Patel,50
0.9807839,Patel,50
0.9395678,Patel,50
0.9314064,Patel,50
0.9387825,Patel,50
0.9739793,Patel,50
0.9257477,Patel,50
0.9531159,Patel,50
0.9827329,Patel,50
0.9447561,Patel,50
0.9571774,Patel,50
0.9581973,Patel,50
0.9565089,Patel,50
0.6686028,Pollen2,10
0.7508515,Pollen2,10
0.5106717,Pollen2,10
0.8361448,Pollen2,10
0.6921203,Pollen2,10
0.5679123,Pollen2,10
0.7888724,Pollen2,10
0.7716798,Pollen2,10
0.7458507,Pollen2,10
0.8736315,Pollen2,10
0.6431506,Pollen2,10
0.8173894,Pollen2,10
0.7983175,Pollen2,10
0.6334045,Pollen2,10
0.7352373,Pollen2,10
0.7235912,Pollen2,10
0.8211363,Pollen2,10
0.7784369,Pollen2,10
0.6415923,Pollen2,10
0.8717597,Pollen2,10
0.8611956,Pollen2,10
0.5255067,Pollen2,10
0.6160718,Pollen2,10
0.7516197,Pollen2,10
0.8448616,Pollen2,10
0.5749285,Pollen2,10
0.7405146,Pollen2,10
0.6159368,Pollen2,10
0.7887758,Pollen2,10
0.7587763,Pollen2,10
0.6293824,Pollen2,10
0.6843839,Pollen2,10
0.6311079,Pollen2,10
0.7577822,Pollen2,10
0.773546,Pollen2,10
0.8161817,Pollen2,10
0.8432199,Pollen2,10
0.8159391,Pollen2,10
0.6423158,Pollen2,10
0.6673672,Pollen2,10
0.8876994,Pollen2,10
0.6015956,Pollen2,10
0.6974981,Pollen2,10
0.7572921,Pollen2,10
0.8271776,Pollen2,10
0.6837754,Pollen2,10
0.917164,Pollen2,10
0.7333699,Pollen2,10
0.8663392,Pollen2,10
0.7365619,Pollen2,10
0.6954472,Pollen2,10
0.4993515,Pollen2,10
0.7479776,Pollen2,10
0.6234701,Pollen2,10
0.8011144,Pollen2,10
0.7219791,Pollen2,10
0.6159096,Pollen2,10
0.7805921,Pollen2,10
0.9006439,Pollen2,10
0.5783459,Pollen2,10
0.7269326,Pollen2,10
0.9103794,Pollen2,10
0.8055713,Pollen2,10
0.5661345,Pollen2,10
0.6580043,Pollen2,10
0.8685179,Pollen2,10
0.8396458,Pollen2,10
0.9244813,Pollen2,10
0.7492134,Pollen2,10
0.7845055,Pollen2,10
0.8468154,Pollen2,10
0.8082766,Pollen2,10
0.8417135,Pollen2,10
0.5853554,Pollen2,10
0.6772984,Pollen2,10
0.73595,Pollen2,10
0.8721432,Pollen2,10
0.8858663,Pollen2,10
0.72296,Pollen2,10
0.8315499,Pollen2,10
0.840816,Pollen2,10
0.6567995,Pollen2,10
0.7684429,Pollen2,10
0.7311172,Pollen2,10
0.5938266,Pollen2,10
0.6982915,Pollen2,10
0.6753411,Pollen2,10
0.7851208,Pollen2,10
0.6219736,Pollen2,10
0.7985634,Pollen2,10
0.6880241,Pollen2,10
0.7631337,Pollen2,10
0.7283638,Pollen2,10
0.7514882,Pollen2,10
0.7775908,Pollen2,10
0.8988116,Pollen2,10
0.6494474,Pollen2,10
0.5293999,Pollen2,10
0.8439904,Pollen2,10
0.6711933,Pollen2,10
0.7233181,Pollen2,20
0.8465621,Pollen2,20
0.757891,Pollen2,20
0.879058,Pollen2,20
0.85128,Pollen2,20
0.9512624,Pollen2,20
0.9192665,Pollen2,20
0.8493192,Pollen2,20
0.8636043,Pollen2,20
0.9402239,Pollen2,20
0.9439382,Pollen2,20
0.9048466,Pollen2,20
0.790589,Pollen2,20
0.9428149,Pollen2,20
0.9076347,Pollen2,20
0.8246605,Pollen2,20
0.9385944,Pollen2,20
0.8482068,Pollen2,20
0.860106,Pollen2,20
0.8731125,Pollen2,20
0.8936946,Pollen2,20
0.9538383,Pollen2,20
0.8813157,Pollen2,20
0.8956432,Pollen2,20
0.8658474,Pollen2,20
0.8648395,Pollen2,20
0.9259776,Pollen2,20
0.8362709,Pollen2,20
0.8436218,Pollen2,20
0.8710325,Pollen2,20
0.7958037,Pollen2,20
0.9717737,Pollen2,20
0.8228551,Pollen2,20
0.9449175,Pollen2,20
0.8816185,Pollen2,20
0.9530907,Pollen2,20
0.953298,Pollen2,20
0.973439,Pollen2,20
0.6978385,Pollen2,20
0.8972626,Pollen2,20
0.9174698,Pollen2,20
0.8300131,Pollen2,20
0.8385198,Pollen2,20
0.915055,Pollen2,20
0.8340878,Pollen2,20
0.896143,Pollen2,20
0.903659,Pollen2,20
0.8991068,Pollen2,20
0.91376,Pollen2,20
0.9298117,Pollen2,20
0.8178705,Pollen2,20
0.7069103,Pollen2,20
0.84172,Pollen2,20
0.9166918,Pollen2,20
0.8345208,Pollen2,20
0.8704124,Pollen2,20
0.8695683,Pollen2,20
0.9177749,Pollen2,20
0.8836688,Pollen2,20
0.8157378,Pollen2,20
0.930695,Pollen2,20
0.950657,Pollen2,20
0.8648759,Pollen2,20
0.9087569,Pollen2,20
0.7473826,Pollen2,20
0.9291814,Pollen2,20
0.9619328,Pollen2,20
0.9433459,Pollen2,20
0.8607567,Pollen2,20
0.7836884,Pollen2,20
0.9596159,Pollen2,20
0.9618508,Pollen2,20
0.9178277,Pollen2,20
0.788541,Pollen2,20
0.8688286,Pollen2,20
0.8902142,Pollen2,20
0.8914879,Pollen2,20
0.9249888,Pollen2,20
0.8642338,Pollen2,20
0.9315801,Pollen2,20
0.9015705,Pollen2,20
0.8700906,Pollen2,20
0.9506973,Pollen2,20
0.972352,Pollen2,20
0.6859846,Pollen2,20
0.8210865,Pollen2,20
0.8349516,Pollen2,20
0.9375833,Pollen2,20
0.9607783,Pollen2,20
0.8303161,Pollen2,20
0.7775325,Pollen2,20
0.9378573,Pollen2,20
0.9254855,Pollen2,20
0.9611307,Pollen2,20
0.7827217,Pollen2,20
0.9185353,Pollen2,20
0.8139079,Pollen2,20
0.8153976,Pollen2,20
0.8721706,Pollen2,20
0.8647295,Pollen2,20
0.8509072,Pollen2,30
0.8892863,Pollen2,30
0.907138,Pollen2,30
0.9122341,Pollen2,30
0.8626838,Pollen2,30
0.9728909,Pollen2,30
0.9698349,Pollen2,30
0.9533452,Pollen2,30
0.9042328,Pollen2,30
0.9479939,Pollen2,30
0.954806,Pollen2,30
0.929468,Pollen2,30
0.9192357,Pollen2,30
0.945,Pollen2,30
0.9611391,Pollen2,30
0.9189774,Pollen2,30
0.9528723,Pollen2,30
0.8756009,Pollen2,30
0.9399436,Pollen2,30
0.9711537,Pollen2,30
0.9353914,Pollen2,30
0.9600759,Pollen2,30
0.9028906,Pollen2,30
0.9827707,Pollen2,30
0.9171418,Pollen2,30
0.9241333,Pollen2,30
0.9196278,Pollen2,30
0.8822263,Pollen2,30
0.8501808,Pollen2,30
0.9520581,Pollen2,30
0.8771205,Pollen2,30
0.9328001,Pollen2,30
0.8824672,Pollen2,30
0.9650763,Pollen2,30
0.9364359,Pollen2,30
0.9676853,Pollen2,30
0.9510371,Pollen2,30
0.9581619,Pollen2,30
0.9148916,Pollen2,30
0.9107087,Pollen2,30
0.927329,Pollen2,30
0.9026569,Pollen2,30
0.8819973,Pollen2,30
0.9146257,Pollen2,30
0.8216189,Pollen2,30
0.9369559,Pollen2,30
0.908837,Pollen2,30
0.9058385,Pollen2,30
0.9388431,Pollen2,30
0.9301137,Pollen2,30
0.851474,Pollen2,30
0.9394504,Pollen2,30
0.8660148,Pollen2,30
0.9364673,Pollen2,30
0.9324969,Pollen2,30
0.9613217,Pollen2,30
0.8980034,Pollen2,30
0.9033104,Pollen2,30
0.9565772,Pollen2,30
0.9127856,Pollen2,30
0.9502134,Pollen2,30
0.9507588,Pollen2,30
0.8990091,Pollen2,30
0.8863854,Pollen2,30
0.8165223,Pollen2,30
0.928275,Pollen2,30
0.9572491,Pollen2,30
0.9222258,Pollen2,30
0.8686991,Pollen2,30
0.984585,Pollen2,30
0.9525814,Pollen2,30
0.9606781,Pollen2,30
0.9601085,Pollen2,30
0.8955439,Pollen2,30
0.9328014,Pollen2,30
0.9130451,Pollen2,30
0.9184469,Pollen2,30
0.9726403,Pollen2,30
0.9580582,Pollen2,30
0.9069687,Pollen2,30
0.903983,Pollen2,30
0.9258703,Pollen2,30
0.9657694,Pollen2,30
0.9537717,Pollen2,30
0.9088128,Pollen2,30
0.8841095,Pollen2,30
0.9303881,Pollen2,30
0.9663746,Pollen2,30
0.9608579,Pollen2,30
0.9562794,Pollen2,30
0.8818054,Pollen2,30
0.9330537,Pollen2,30
0.9660819,Pollen2,30
0.9659186,Pollen2,30
0.8856848,Pollen2,30
0.9372212,Pollen2,30
0.9270378,Pollen2,30
0.9124404,Pollen2,30
0.9644268,Pollen2,30
0.9386849,Pollen2,30
0.9378622,Pollen2,40
0.9552691,Pollen2,40
0.9548375,Pollen2,40
0.9494879,Pollen2,40
0.9702954,Pollen2,40
0.9646534,Pollen2,40
0.9641756,Pollen2,40
0.9397093,Pollen2,40
0.9225457,Pollen2,40
0.9606225,Pollen2,40
0.9628586,Pollen2,40
0.9097566,Pollen2,40
0.9437394,Pollen2,40
0.9767851,Pollen2,40
0.9759994,Pollen2,40
0.9064686,Pollen2,40
0.9648169,Pollen2,40
0.8732348,Pollen2,40
0.9535186,Pollen2,40
0.9646082,Pollen2,40
0.9554617,Pollen2,40
0.9719385,Pollen2,40
0.9820767,Pollen2,40
0.9770031,Pollen2,40
0.9361957,Pollen2,40
0.9650408,Pollen2,40
0.9700061,Pollen2,40
0.9640607,Pollen2,40
0.9615709,Pollen2,40
0.9802538,Pollen2,40
0.9726687,Pollen2,40
0.9776852,Pollen2,40
0.9452809,Pollen2,40
0.958337,Pollen2,40
0.9478102,Pollen2,40
0.9836596,Pollen2,40
0.9749279,Pollen2,40
0.9712285,Pollen2,40
0.9667366,Pollen2,40
0.9328549,Pollen2,40
0.9425638,Pollen2,40
0.9683627,Pollen2,40
0.9274595,Pollen2,40
0.9622789,Pollen2,40
0.8531535,Pollen2,40
0.9307204,Pollen2,40
0.9329541,Pollen2,40
0.9506417,Pollen2,40
0.9640593,Pollen2,40
0.9454774,Pollen2,40
0.9292963,Pollen2,40
0.9645043,Pollen2,40
0.9112466,Pollen2,40
0.9448152,Pollen2,40
0.9583405,Pollen2,40
0.9707575,Pollen2,40
0.9505483,Pollen2,40
0.9029781,Pollen2,40
0.9708086,Pollen2,40
0.9160124,Pollen2,40
0.9829339,Pollen2,40
0.9694774,Pollen2,40
0.9473229,Pollen2,40
0.9307586,Pollen2,40
0.9431371,Pollen2,40
0.9497783,Pollen2,40
0.9424562,Pollen2,40
0.9149711,Pollen2,40
0.9456518,Pollen2,40
0.9884055,Pollen2,40
0.9620762,Pollen2,40
0.956074,Pollen2,40
0.9547496,Pollen2,40
0.9432699,Pollen2,40
0.9735672,Pollen2,40
0.9497311,Pollen2,40
0.9707525,Pollen2,40
0.9766079,Pollen2,40
0.960147,Pollen2,40
0.9680092,Pollen2,40
0.9604672,Pollen2,40
0.929015,Pollen2,40
0.9413804,Pollen2,40
0.9808589,Pollen2,40
0.9774719,Pollen2,40
0.8718325,Pollen2,40
0.9428567,Pollen2,40
0.9778647,Pollen2,40
0.9756898,Pollen2,40
0.9647831,Pollen2,40
0.8857156,Pollen2,40
0.9477747,Pollen2,40
0.9775547,Pollen2,40
0.944278,Pollen2,40
0.9447335,Pollen2,40
0.9471952,Pollen2,40
0.9624456,Pollen2,40
0.9600497,Pollen2,40
0.975585,Pollen2,40
0.9695825,Pollen2,40
0.9790228,Pollen2,50
0.9683648,Pollen2,50
0.9556137,Pollen2,50
0.9773226,Pollen2,50
0.970902,Pollen2,50
0.9882096,Pollen2,50
0.9569262,Pollen2,50
0.9543833,Pollen2,50
0.9789618,Pollen2,50
0.9614733,Pollen2,50
0.9602391,Pollen2,50
0.95491,Pollen2,50
0.9407142,Pollen2,50
0.9809256,Pollen2,50
0.9692945,Pollen2,50
0.9364312,Pollen2,50
0.9570724,Pollen2,50
0.885969,Pollen2,50
0.9557213,Pollen2,50
0.9613889,Pollen2,50
0.9667024,Pollen2,50
0.9761616,Pollen2,50
0.9865786,Pollen2,50
0.9703461,Pollen2,50
0.9633632,Pollen2,50
0.9773619,Pollen2,50
0.9692469,Pollen2,50
0.9557202,Pollen2,50
0.9592705,Pollen2,50
0.9869827,Pollen2,50
0.9732403,Pollen2,50
0.9902446,Pollen2,50
0.9533473,Pollen2,50
0.9420218,Pollen2,50
0.9605808,Pollen2,50
0.9725266,Pollen2,50
0.9762837,Pollen2,50
0.9692669,Pollen2,50
0.9681352,Pollen2,50
0.9369351,Pollen2,50
0.9395997,Pollen2,50
0.9795179,Pollen2,50
0.944402,Pollen2,50
0.9735403,Pollen2,50
0.9264867,Pollen2,50
0.9467211,Pollen2,50
0.9541001,Pollen2,50
0.9698895,Pollen2,50
0.9743172,Pollen2,50
0.9781264,Pollen2,50
0.9558315,Pollen2,50
0.974352,Pollen2,50
0.8952451,Pollen2,50
0.955447,Pollen2,50
0.966291,Pollen2,50
0.9764751,Pollen2,50
0.9594451,Pollen2,50
0.9339372,Pollen2,50
0.9822266,Pollen2,50
0.9050195,Pollen2,50
0.9779296,Pollen2,50
0.9693345,Pollen2,50
0.9784028,Pollen2,50
0.9896346,Pollen2,50
0.9481401,Pollen2,50
0.9399467,Pollen2,50
0.9646747,Pollen2,50
0.92148,Pollen2,50
0.9657167,Pollen2,50
0.9881119,Pollen2,50
0.9580952,Pollen2,50
0.9645395,Pollen2,50
0.954775,Pollen2,50
0.9778442,Pollen2,50
0.9722646,Pollen2,50
0.8911514,Pollen2,50
0.9833103,Pollen2,50
0.966399,Pollen2,50
0.9687906,Pollen2,50
0.9660055,Pollen2,50
0.9757704,Pollen2,50
0.9328984,Pollen2,50
0.9766939,Pollen2,50
0.9763785,Pollen2,50
0.9713835,Pollen2,50
0.8580458,Pollen2,50
0.9354093,Pollen2,50
0.9721224,Pollen2,50
0.9786505,Pollen2,50
0.9748748,Pollen2,50
0.8971375,Pollen2,50
0.9447287,Pollen2,50
0.9780704,Pollen2,50
0.953631,Pollen2,50
0.9907422,Pollen2,50
0.9431144,Pollen2,50
0.9618696,Pollen2,50
0.9821027,Pollen2,50
0.9798018,Pollen2,50
0.9621876,Pollen2,50
0.6876143,Usoskin3,10
0.5498993,Usoskin3,10
0.5335298,Usoskin3,10
0.6302103,Usoskin3,10
0.5197457,Usoskin3,10
0.4683761,Usoskin3,10
0.6996291,Usoskin3,10
0.3047501,Usoskin3,10
0.3024927,Usoskin3,10
0.4976273,Usoskin3,10
0.5586792,Usoskin3,10
0.4239449,Usoskin3,10
0.5864768,Usoskin3,10
0.4122505,Usoskin3,10
0.3663363,Usoskin3,10
0.5980709,Usoskin3,10
0.5080533,Usoskin3,10
0.5454348,Usoskin3,10
0.5552042,Usoskin3,10
0.5685155,Usoskin3,10
0.5661952,Usoskin3,10
0.5555794,Usoskin3,10
0.656843,Usoskin3,10
0.3819296,Usoskin3,10
0.6024516,Usoskin3,10
0.3421963,Usoskin3,10
0.4908397,Usoskin3,10
0.6085832,Usoskin3,10
0.5893799,Usoskin3,10
0.418718,Usoskin3,10
0.5373542,Usoskin3,10
0.571365,Usoskin3,10
0.4793798,Usoskin3,10
0.4107359,Usoskin3,10
0.5944149,Usoskin3,10
0.3989297,Usoskin3,10
0.5598558,Usoskin3,10
0.5069114,Usoskin3,10
0.6717641,Usoskin3,10
0.5306676,Usoskin3,10
0.624026,Usoskin3,10
0.6286535,Usoskin3,10
0.4440525,Usoskin3,10
0.5133356,Usoskin3,10
0.6082975,Usoskin3,10
0.3622081,Usoskin3,10
0.656476,Usoskin3,10
0.6235863,Usoskin3,10
0.5061116,Usoskin3,10
0.5144065,Usoskin3,10
0.5486328,Usoskin3,10
0.4132646,Usoskin3,10
0.5084834,Usoskin3,10
0.6431694,Usoskin3,10
0.3167306,Usoskin3,10
0.4675663,Usoskin3,10
0.5624174,Usoskin3,10
0.5973747,Usoskin3,10
0.546367,Usoskin3,10
0.5598036,Usoskin3,10
0.5715539,Usoskin3,10
0.6506489,Usoskin3,10
0.6926007,Usoskin3,10
0.3755144,Usoskin3,10
0.5194542,Usoskin3,10
0.4598536,Usoskin3,10
0.4025115,Usoskin3,10
0.5587006,Usoskin3,10
0.4526202,Usoskin3,10
0.3888736,Usoskin3,10
0.6338191,Usoskin3,10
0.5050586,Usoskin3,10
0.3268876,Usoskin3,10
0.4432307,Usoskin3,10
0.6846152,Usoskin3,10
0.585473,Usoskin3,10
0.5302155,Usoskin3,10
0.4885553,Usoskin3,10
0.6375747,Usoskin3,10
0.6883501,Usoskin3,10
0.4863624,Usoskin3,10
0.5927212,Usoskin3,10
0.4892007,Usoskin3,10
0.584096,Usoskin3,10
0.3586337,Usoskin3,10
0.5208943,Usoskin3,10
0.5106885,Usoskin3,10
0.7564025,Usoskin3,10
0.5163162,Usoskin3,10
0.4125714,Usoskin3,10
0.4251591,Usoskin3,10
0.6177653,Usoskin3,10
0.4596513,Usoskin3,10
0.5901672,Usoskin3,10
0.5171927,Usoskin3,10
0.5494778,Usoskin3,10
0.5235366,Usoskin3,10
0.6715258,Usoskin3,10
0.6410755,Usoskin3,10
0.5981379,Usoskin3,10
0.8050332,Usoskin3,20
0.6709185,Usoskin3,20
0.6344505,Usoskin3,20
0.7191993,Usoskin3,20
0.63017,Usoskin3,20
0.6033818,Usoskin3,20
0.7120046,Usoskin3,20
0.6755694,Usoskin3,20
0.664128,Usoskin3,20
0.5026841,Usoskin3,20
0.6395774,Usoskin3,20
0.5417571,Usoskin3,20
0.6637958,Usoskin3,20
0.7323387,Usoskin3,20
0.5987237,Usoskin3,20
0.647967,Usoskin3,20
0.6309947,Usoskin3,20
0.6204019,Usoskin3,20
0.6432185,Usoskin3,20
0.6338081,Usoskin3,20
0.5150364,Usoskin3,20
0.6201475,Usoskin3,20
0.6810914,Usoskin3,20
0.5814891,Usoskin3,20
0.6451677,Usoskin3,20
0.5469685,Usoskin3,20
0.6740268,Usoskin3,20
0.6229088,Usoskin3,20
0.6746641,Usoskin3,20
0.6157304,Usoskin3,20
0.6897426,Usoskin3,20
0.6168173,Usoskin3,20
0.6944471,Usoskin3,20
0.6273244,Usoskin3,20
0.6284243,Usoskin3,20
0.6953902,Usoskin3,20
0.6268112,Usoskin3,20
0.6351436,Usoskin3,20
0.7244164,Usoskin3,20
0.6341566,Usoskin3,20
0.715277,Usoskin3,20
0.6581713,Usoskin3,20
0.6614056,Usoskin3,20
0.6403076,Usoskin3,20
0.6295775,Usoskin3,20
0.4970206,Usoskin3,20
0.7012402,Usoskin3,20
0.706492,Usoskin3,20
0.6173793,Usoskin3,20
0.6189947,Usoskin3,20
0.6264627,Usoskin3,20
0.6575167,Usoskin3,20
0.5962488,Usoskin3,20
0.6492988,Usoskin3,20
0.5454444,Usoskin3,20
0.585444,Usoskin3,20
0.6170547,Usoskin3,20
0.6768756,Usoskin3,20
0.6047061,Usoskin3,20
0.6774915,Usoskin3,20
0.6885587,Usoskin3,20
0.6750122,Usoskin3,20
0.6502942,Usoskin3,20
0.691113,Usoskin3,20
0.5608138,Usoskin3,20
0.6334048,Usoskin3,20
0.5833244,Usoskin3,20
0.6500862,Usoskin3,20
0.6122476,Usoskin3,20
0.5560316,Usoskin3,20
0.6071408,Usoskin3,20
0.6122297,Usoskin3,20
0.5514722,Usoskin3,20
0.6310768,Usoskin3,20
0.6972593,Usoskin3,20
0.6059532,Usoskin3,20
0.6630682,Usoskin3,20
0.6067793,Usoskin3,20
0.5951765,Usoskin3,20
0.7201111,Usoskin3,20
0.5737635,Usoskin3,20
0.6878411,Usoskin3,20
0.6198069,Usoskin3,20
0.6030669,Usoskin3,20
0.4513111,Usoskin3,20
0.6636753,Usoskin3,20
0.5506197,Usoskin3,20
0.706093,Usoskin3,20
0.6622801,Usoskin3,20
0.59756,Usoskin3,20
0.705453,Usoskin3,20
0.6152493,Usoskin3,20
0.681452,Usoskin3,20
0.5831739,Usoskin3,20
0.5164808,Usoskin3,20
0.6181942,Usoskin3,20
0.6528974,Usoskin3,20
0.6882866,Usoskin3,20
0.6529007,Usoskin3,20
0.6543231,Usoskin3,20
0.7776338,Usoskin3,30
0.7420628,Usoskin3,30
0.766063,Usoskin3,30
0.7392999,Usoskin3,30
0.749989,Usoskin3,30
0.6797949,Usoskin3,30
0.7629709,Usoskin3,30
0.7424295,Usoskin3,30
0.7318677,Usoskin3,30
0.6986065,Usoskin3,30
0.729497,Usoskin3,30
0.7090102,Usoskin3,30
0.7291045,Usoskin3,30
0.7771091,Usoskin3,30
0.7501268,Usoskin3,30
0.7106173,Usoskin3,30
0.7252591,Usoskin3,30
0.6604053,Usoskin3,30
0.7296151,Usoskin3,30
0.6726143,Usoskin3,30
0.6572522,Usoskin3,30
0.7033126,Usoskin3,30
0.7293991,Usoskin3,30
0.6901711,Usoskin3,30
0.777073,Usoskin3,30
0.7068083,Usoskin3,30
0.7616295,Usoskin3,30
0.7263542,Usoskin3,30
0.7475493,Usoskin3,30
0.6847525,Usoskin3,30
0.735415,Usoskin3,30
0.7246892,Usoskin3,30
0.7042123,Usoskin3,30
0.7217609,Usoskin3,30
0.6787318,Usoskin3,30
0.7620326,Usoskin3,30
0.7194087,Usoskin3,30
0.7430565,Usoskin3,30
0.7561492,Usoskin3,30
0.7044321,Usoskin3,30
0.7543499,Usoskin3,30
0.7153681,Usoskin3,30
0.7161493,Usoskin3,30
0.7125834,Usoskin3,30
0.7102663,Usoskin3,30
0.6635845,Usoskin3,30
0.7611923,Usoskin3,30
0.7914513,Usoskin3,30
0.7007928,Usoskin3,30
0.7155434,Usoskin3,30
0.6847994,Usoskin3,30
0.7473895,Usoskin3,30
0.7091213,Usoskin3,30
0.7018374,Usoskin3,30
0.6873315,Usoskin3,30
0.7032216,Usoskin3,30
0.7117171,Usoskin3,30
0.7671232,Usoskin3,30
0.7404244,Usoskin3,30
0.7606881,Usoskin3,30
0.8089247,Usoskin3,30
0.797385,Usoskin3,30
0.7086069,Usoskin3,30
0.7204336,Usoskin3,30
0.765361,Usoskin3,30
0.7519366,Usoskin3,30
0.720491,Usoskin3,30
0.7797899,Usoskin3,30
0.7136348,Usoskin3,30
0.6525725,Usoskin3,30
0.6857802,Usoskin3,30
0.7418861,Usoskin3,30
0.7274206,Usoskin3,30
0.7384523,Usoskin3,30
0.697823,Usoskin3,30
0.7688144,Usoskin3,30
0.747986,Usoskin3,30
0.7319054,Usoskin3,30
0.7033467,Usoskin3,30
0.7718257,Usoskin3,30
0.7476117,Usoskin3,30
0.7622812,Usoskin3,30
0.7280374,Usoskin3,30
0.7375617,Usoskin3,30
0.6792382,Usoskin3,30
0.7631605,Usoskin3,30
0.6744424,Usoskin3,30
0.775908,Usoskin3,30
0.7176659,Usoskin3,30
0.6876038,Usoskin3,30
0.7598903,Usoskin3,30
0.6920076,Usoskin3,30
0.7511466,Usoskin3,30
0.6778435,Usoskin3,30
0.6599215,Usoskin3,30
0.7264003,Usoskin3,30
0.7289577,Usoskin3,30
0.7350088,Usoskin3,30
0.7425247,Usoskin3,30
0.7003645,Usoskin3,30
0.8080546,Usoskin3,40
0.7593736,Usoskin3,40
0.8316602,Usoskin3,40
0.7882594,Usoskin3,40
0.7382637,Usoskin3,40
0.7571532,Usoskin3,40
0.7914941,Usoskin3,40
0.8103263,Usoskin3,40
0.8117106,Usoskin3,40
0.7456146,Usoskin3,40
0.7443658,Usoskin3,40
0.8013423,Usoskin3,40
0.8223863,Usoskin3,40
0.8112782,Usoskin3,40
0.7774702,Usoskin3,40
0.7713929,Usoskin3,40
0.782043,Usoskin3,40
0.7137047,Usoskin3,40
0.7996242,Usoskin3,40
0.7146704,Usoskin3,40
0.7741772,Usoskin3,40
0.7382115,Usoskin3,40
0.8002785,Usoskin3,40
0.7898456,Usoskin3,40
0.8086083,Usoskin3,40
0.7550263,Usoskin3,40
0.8162707,Usoskin3,40
0.7966766,Usoskin3,40
0.7835059,Usoskin3,40
0.7883591,Usoskin3,40
0.7983569,Usoskin3,40
0.732018,Usoskin3,40
0.7696935,Usoskin3,40
0.7550831,Usoskin3,40
0.7296752,Usoskin3,40
0.8258482,Usoskin3,40
0.7840624,Usoskin3,40
0.7734525,Usoskin3,40
0.809057,Usoskin3,40
0.7662952,Usoskin3,40
0.8199962,Usoskin3,40
0.7770288,Usoskin3,40
0.8113044,Usoskin3,40
0.7979087,Usoskin3,40
0.7830966,Usoskin3,40
0.7253073,Usoskin3,40
0.8137121,Usoskin3,40
0.7981798,Usoskin3,40
0.7564359,Usoskin3,40
0.7492303,Usoskin3,40
0.7352472,Usoskin3,40
0.8202295,Usoskin3,40
0.7470663,Usoskin3,40
0.7452405,Usoskin3,40
0.7718349,Usoskin3,40
0.7901148,Usoskin3,40
0.7778476,Usoskin3,40
0.8365089,Usoskin3,40
0.8248672,Usoskin3,40
0.7857169,Usoskin3,40
0.7922461,Usoskin3,40
0.8173487,Usoskin3,40
0.7886691,Usoskin3,40
0.7807737,Usoskin3,40
0.8372371,Usoskin3,40
0.812046,Usoskin3,40
0.7862802,Usoskin3,40
0.8345653,Usoskin3,40
0.7961506,Usoskin3,40
0.7914707,Usoskin3,40
0.7994441,Usoskin3,40
0.7811421,Usoskin3,40
0.7625048,Usoskin3,40
0.8129386,Usoskin3,40
0.760812,Usoskin3,40
0.8293945,Usoskin3,40
0.8311311,Usoskin3,40
0.7943202,Usoskin3,40
0.7754069,Usoskin3,40
0.8338511,Usoskin3,40
0.7672828,Usoskin3,40
0.793641,Usoskin3,40
0.796894,Usoskin3,40
0.8032669,Usoskin3,40
0.7579462,Usoskin3,40
0.7801452,Usoskin3,40
0.7741573,Usoskin3,40
0.8048762,Usoskin3,40
0.8244346,Usoskin3,40
0.8015145,Usoskin3,40
0.802015,Usoskin3,40
0.7252939,Usoskin3,40
0.7977625,Usoskin3,40
0.7323332,Usoskin3,40
0.771449,Usoskin3,40
0.8046969,Usoskin3,40
0.8251646,Usoskin3,40
0.78313,Usoskin3,40
0.8161473,Usoskin3,40
0.7372408,Usoskin3,40
0.8531005,Usoskin3,50
0.7966876,Usoskin3,50
0.8401554,Usoskin3,50
0.7691927,Usoskin3,50
0.798497,Usoskin3,50
0.8194298,Usoskin3,50
0.8460806,Usoskin3,50
0.8489819,Usoskin3,50
0.8307987,Usoskin3,50
0.7767503,Usoskin3,50
0.779166,Usoskin3,50
0.8395365,Usoskin3,50
0.8527551,Usoskin3,50
0.8712559,Usoskin3,50
0.8373996,Usoskin3,50
0.8062248,Usoskin3,50
0.807452,Usoskin3,50
0.7766474,Usoskin3,50
0.8516951,Usoskin3,50
0.7365304,Usoskin3,50
0.8749476,Usoskin3,50
0.8138337,Usoskin3,50
0.8417693,Usoskin3,50
0.7781811,Usoskin3,50
0.806276,Usoskin3,50
0.7782958,Usoskin3,50
0.8444841,Usoskin3,50
0.8272574,Usoskin3,50
0.8409365,Usoskin3,50
0.829194,Usoskin3,50
0.7868492,Usoskin3,50
0.7840586,Usoskin3,50
0.8573988,Usoskin3,50
0.811156,Usoskin3,50
0.7798576,Usoskin3,50
0.8346212,Usoskin3,50
0.7839298,Usoskin3,50
0.7881553,Usoskin3,50
0.8107754,Usoskin3,50
0.7999799,Usoskin3,50
0.8297957,Usoskin3,50
0.8537648,Usoskin3,50
0.8249565,Usoskin3,50
0.8382083,Usoskin3,50
0.7910329,Usoskin3,50
0.784619,Usoskin3,50
0.8596537,Usoskin3,50
0.8163144,Usoskin3,50
0.8141823,Usoskin3,50
0.7580653,Usoskin3,50
0.7958962,Usoskin3,50
0.8287277,Usoskin3,50
0.8021386,Usoskin3,50
0.859088,Usoskin3,50
0.7964445,Usoskin3,50
0.845431,Usoskin3,50
0.8292716,Usoskin3,50
0.8700672,Usoskin3,50
0.870866,Usoskin3,50
0.8345462,Usoskin3,50
0.8484087,Usoskin3,50
0.8458669,Usoskin3,50
0.7809614,Usoskin3,50
0.7787465,Usoskin3,50
0.8321297,Usoskin3,50
0.8383987,Usoskin3,50
0.8421435,Usoskin3,50
0.8213612,Usoskin3,50
0.8487579,Usoskin3,50
0.8010588,Usoskin3,50
0.833983,Usoskin3,50
0.7808489,Usoskin3,50
0.7918797,Usoskin3,50
0.864476,Usoskin3,50
0.8509714,Usoskin3,50
0.8548601,Usoskin3,50
0.8639968,Usoskin3,50
0.8480553,Usoskin3,50
0.8342349,Usoskin3,50
0.8649359,Usoskin3,50
0.8319526,Usoskin3,50
0.8143862,Usoskin3,50
0.8488297,Usoskin3,50
0.8529422,Usoskin3,50
0.8052416,Usoskin3,50
0.8361384,Usoskin3,50
0.8226818,Usoskin3,50
0.8441903,Usoskin3,50
0.8563165,Usoskin3,50
0.8338542,Usoskin3,50
0.8547125,Usoskin3,50
0.7847059,Usoskin3,50
0.8303841,Usoskin3,50
0.8291686,Usoskin3,50
0.8161455,Usoskin3,50
0.8487101,Usoskin3,50
0.8904744,Usoskin3,50
0.8148827,Usoskin3,50
0.8495743,Usoskin3,50
0.7849122,Usoskin3,50
0.4959719,Zeisel,1
0.5147336,Zeisel,1
0.8426188,Zeisel,1
0.608096,Zeisel,1
0.6077894,Zeisel,1
0.5071212,Zeisel,1
0.8111162,Zeisel,1
0.5194015,Zeisel,1
0.7095949,Zeisel,1
0.6894724,Zeisel,1
0.5502573,Zeisel,1
0.7243753,Zeisel,1
0.5901281,Zeisel,1
0.5094489,Zeisel,1
0.6168372,Zeisel,1
0.7242982,Zeisel,1
0.5122122,Zeisel,1
0.5919176,Zeisel,1
0.4216844,Zeisel,1
0.56343,Zeisel,1
0.6505918,Zeisel,1
0.6513817,Zeisel,1
0.7393677,Zeisel,1
0.7162448,Zeisel,1
0.6761195,Zeisel,1
0.4934857,Zeisel,1
0.5185885,Zeisel,1
0.4730111,Zeisel,1
0.5909655,Zeisel,1
0.5924488,Zeisel,1
0.6671174,Zeisel,1
0.4742264,Zeisel,1
0.6835194,Zeisel,1
0.5396284,Zeisel,1
0.6558512,Zeisel,1
0.6661968,Zeisel,1
0.5529604,Zeisel,1
0.7027886,Zeisel,1
0.6646466,Zeisel,1
0.6204607,Zeisel,1
0.6732145,Zeisel,1
0.5001394,Zeisel,1
0.6163798,Zeisel,1
0.5987001,Zeisel,1
0.549666,Zeisel,1
0.6205125,Zeisel,1
0.7989844,Zeisel,1
0.6589237,Zeisel,1
0.6175204,Zeisel,1
0.7135076,Zeisel,1
0.6847986,Zeisel,1
0.5692877,Zeisel,1
0.7011387,Zeisel,1
0.507533,Zeisel,1
0.5070778,Zeisel,1
0.6963298,Zeisel,1
0.5770123,Zeisel,1
0.635527,Zeisel,1
0.6259801,Zeisel,1
0.625601,Zeisel,1
0.6964216,Zeisel,1
0.7234956,Zeisel,1
0.5068042,Zeisel,1
0.6368347,Zeisel,1
0.5235634,Zeisel,1
0.7259184,Zeisel,1
0.5456501,Zeisel,1
0.7073154,Zeisel,1
0.5650165,Zeisel,1
0.5756467,Zeisel,1
0.5906529,Zeisel,1
0.7053597,Zeisel,1
0.5493596,Zeisel,1
0.5148465,Zeisel,1
0.5425105,Zeisel,1
0.660557,Zeisel,1
0.5744722,Zeisel,1
0.7119999,Zeisel,1
0.548465,Zeisel,1
0.7309404,Zeisel,1
0.6541447,Zeisel,1
0.5297701,Zeisel,1
0.6739122,Zeisel,1
0.6447549,Zeisel,1
0.6387554,Zeisel,1
0.5985652,Zeisel,1
0.2877197,Zeisel,1
0.5164174,Zeisel,1
0.7051127,Zeisel,1
0.5074913,Zeisel,1
0.6465945,Zeisel,1
0.7450101,Zeisel,1
0.6893756,Zeisel,1
0.532143,Zeisel,1
0.6532517,Zeisel,1
0.6933904,Zeisel,1
0.6999524,Zeisel,1
0.5714487,Zeisel,1
0.6683467,Zeisel,1
0.6327651,Zeisel,1
0.9096139,Zeisel,10
0.9066835,Zeisel,10
0.9060896,Zeisel,10
0.9137404,Zeisel,10
0.9071405,Zeisel,10
0.8976029,Zeisel,10
0.9024296,Zeisel,10
0.9200111,Zeisel,10
0.9175886,Zeisel,10
0.9162849,Zeisel,10
0.9070454,Zeisel,10
0.8982193,Zeisel,10
0.9257088,Zeisel,10
0.9065608,Zeisel,10
0.9214817,Zeisel,10
0.9065437,Zeisel,10
0.9086212,Zeisel,10
0.9102369,Zeisel,10
0.9107795,Zeisel,10
0.9138305,Zeisel,10
0.8960554,Zeisel,10
0.9082192,Zeisel,10
0.9009091,Zeisel,10
0.9119901,Zeisel,10
0.910293,Zeisel,10
0.9069217,Zeisel,10
0.9076579,Zeisel,10
0.9017222,Zeisel,10
0.9098299,Zeisel,10
0.9087743,Zeisel,10
0.9123358,Zeisel,10
0.9168958,Zeisel,10
0.9117017,Zeisel,10
0.9057788,Zeisel,10
0.9027126,Zeisel,10
0.9162886,Zeisel,10
0.9006337,Zeisel,10
0.9213522,Zeisel,10
0.9100509,Zeisel,10
0.9107557,Zeisel,10
0.9119842,Zeisel,10
0.9036562,Zeisel,10
0.900562,Zeisel,10
0.9128489,Zeisel,10
0.910342,Zeisel,10
0.8949423,Zeisel,10
0.9190338,Zeisel,10
0.9167594,Zeisel,10
0.9029043,Zeisel,10
0.9049651,Zeisel,10
0.9101275,Zeisel,10
0.8939868,Zeisel,10
0.9180249,Zeisel,10
0.9068905,Zeisel,10
0.8892419,Zeisel,10
0.8837985,Zeisel,10
0.9116256,Zeisel,10
0.9053617,Zeisel,10
0.9125364,Zeisel,10
0.9097835,Zeisel,10
0.9144739,Zeisel,10
0.9045478,Zeisel,10
0.8963386,Zeisel,10
0.9033472,Zeisel,10
0.9049027,Zeisel,10
0.9001562,Zeisel,10
0.9109033,Zeisel,10
0.908093,Zeisel,10
0.9154815,Zeisel,10
0.9272911,Zeisel,10
0.8986775,Zeisel,10
0.8879484,Zeisel,10
0.9101477,Zeisel,10
0.9135656,Zeisel,10
0.9156393,Zeisel,10
0.9019445,Zeisel,10
0.9006202,Zeisel,10
0.9073863,Zeisel,10
0.9075948,Zeisel,10
0.9134401,Zeisel,10
0.9203129,Zeisel,10
0.9084563,Zeisel,10
0.8989579,Zeisel,10
0.8994691,Zeisel,10
0.8937829,Zeisel,10
0.8951236,Zeisel,10
0.9018266,Zeisel,10
0.9056781,Zeisel,10
0.9156883,Zeisel,10
0.9026495,Zeisel,10
0.8932478,Zeisel,10
0.9004873,Zeisel,10
0.9027016,Zeisel,10
0.9082302,Zeisel,10
0.8924254,Zeisel,10
0.9028121,Zeisel,10
0.9065262,Zeisel,10
0.9173084,Zeisel,10
0.9060012,Zeisel,10
0.8877845,Zeisel,10
0.7534664,Zeisel,2
0.6815513,Zeisel,2
0.7937655,Zeisel,2
0.8614145,Zeisel,2
0.6972581,Zeisel,2
0.8049943,Zeisel,2
0.743205,Zeisel,2
0.7016991,Zeisel,2
0.759585,Zeisel,2
0.7897392,Zeisel,2
0.6582616,Zeisel,2
0.7526739,Zeisel,2
0.6658074,Zeisel,2
0.7872521,Zeisel,2
0.7175364,Zeisel,2
0.6965024,Zeisel,2
0.6860673,Zeisel,2
0.6599781,Zeisel,2
0.6773579,Zeisel,2
0.8711074,Zeisel,2
0.7230383,Zeisel,2
0.8267388,Zeisel,2
0.7814924,Zeisel,2
0.8393883,Zeisel,2
0.6923212,Zeisel,2
0.6311364,Zeisel,2
0.825233,Zeisel,2
0.6818112,Zeisel,2
0.6310765,Zeisel,2
0.6611555,Zeisel,2
0.7079459,Zeisel,2
0.5547012,Zeisel,2
0.7435928,Zeisel,2
0.7695686,Zeisel,2
0.7804135,Zeisel,2
0.8635073,Zeisel,2
0.7071607,Zeisel,2
0.8668542,Zeisel,2
0.8239847,Zeisel,2
0.665579,Zeisel,2
0.7885116,Zeisel,2
0.7853169,Zeisel,2
0.6815837,Zeisel,2
0.7540694,Zeisel,2
0.6574032,Zeisel,2
0.6827786,Zeisel,2
0.8351769,Zeisel,2
0.8256311,Zeisel,2
0.6295447,Zeisel,2
0.7989638,Zeisel,2
0.7579596,Zeisel,2
0.6368054,Zeisel,2
0.7045649,Zeisel,2
0.7945517,Zeisel,2
0.7254101,Zeisel,2
0.757298,Zeisel,2
0.6150699,Zeisel,2
0.6823291,Zeisel,2
0.79877,Zeisel,2
0.7982811,Zeisel,2
0.7625218,Zeisel,2
0.8283716,Zeisel,2
0.7206047,Zeisel,2
0.8530065,Zeisel,2
0.6413789,Zeisel,2
0.7739318,Zeisel,2
0.780565,Zeisel,2
0.7880219,Zeisel,2
0.787528,Zeisel,2
0.586378,Zeisel,2
0.6919056,Zeisel,2
0.8468304,Zeisel,2
0.820105,Zeisel,2
0.6065411,Zeisel,2
0.7893391,Zeisel,2
0.7118539,Zeisel,2
0.7974004,Zeisel,2
0.7447858,Zeisel,2
0.7368363,Zeisel,2
0.7715865,Zeisel,2
0.8326957,Zeisel,2
0.7958832,Zeisel,2
0.7831456,Zeisel,2
0.8221153,Zeisel,2
0.677879,Zeisel,2
0.7158469,Zeisel,2
0.6728731,Zeisel,2
0.7459219,Zeisel,2
0.800638,Zeisel,2
0.5999582,Zeisel,2
0.7603696,Zeisel,2
0.8015474,Zeisel,2
0.8226302,Zeisel,2
0.743009,Zeisel,2
0.7301727,Zeisel,2
0.8285195,Zeisel,2
0.8206283,Zeisel,2
0.6844766,Zeisel,2
0.7385044,Zeisel,2
0.7525755,Zeisel,2
0.9042152,Zeisel,20
0.9235832,Zeisel,20
0.9116736,Zeisel,20
0.9250222,Zeisel,20
0.9169947,Zeisel,20
0.9144079,Zeisel,20
0.9199948,Zeisel,20
0.9275267,Zeisel,20
0.9238481,Zeisel,20
0.9160285,Zeisel,20
0.919032,Zeisel,20
0.9256382,Zeisel,20
0.9124659,Zeisel,20
0.9085962,Zeisel,20
0.9316856,Zeisel,20
0.9091514,Zeisel,20
0.9222903,Zeisel,20
0.9137022,Zeisel,20
0.9170764,Zeisel,20
0.9290269,Zeisel,20
0.9116105,Zeisel,20
0.9188088,Zeisel,20
0.9205321,Zeisel,20
0.9112305,Zeisel,20
0.9134117,Zeisel,20
0.9033842,Zeisel,20
0.9216922,Zeisel,20
0.9139976,Zeisel,20
0.9248625,Zeisel,20
0.9257488,Zeisel,20
0.9228695,Zeisel,20
0.9246269,Zeisel,20
0.9343401,Zeisel,20
0.9208774,Zeisel,20
0.9199907,Zeisel,20
0.9243396,Zeisel,20
0.9083883,Zeisel,20
0.9272993,Zeisel,20
0.9225778,Zeisel,20
0.9275975,Zeisel,20
0.9288095,Zeisel,20
0.9247827,Zeisel,20
0.9181852,Zeisel,20
0.9339669,Zeisel,20
0.9021141,Zeisel,20
0.9247223,Zeisel,20
0.9270286,Zeisel,20
0.923469,Zeisel,20
0.9149569,Zeisel,20
0.9111229,Zeisel,20
0.9245139,Zeisel,20
0.9211962,Zeisel,20
0.9252516,Zeisel,20
0.9228948,Zeisel,20
0.913458,Zeisel,20
0.9137834,Zeisel,20
0.912256,Zeisel,20
0.9161007,Zeisel,20
0.9188794,Zeisel,20
0.9278111,Zeisel,20
0.925766,Zeisel,20
0.9165778,Zeisel,20
0.915603,Zeisel,20
0.9053009,Zeisel,20
0.9247489,Zeisel,20
0.9200795,Zeisel,20
0.9258448,Zeisel,20
0.9221813,Zeisel,20
0.9141017,Zeisel,20
0.9229534,Zeisel,20
0.9104078,Zeisel,20
0.9112596,Zeisel,20
0.919371,Zeisel,20
0.9149567,Zeisel,20
0.9229388,Zeisel,20
0.9172311,Zeisel,20
0.9166712,Zeisel,20
0.918195,Zeisel,20
0.9170266,Zeisel,20
0.9253575,Zeisel,20
0.9192197,Zeisel,20
0.9260666,Zeisel,20
0.9123658,Zeisel,20
0.9153153,Zeisel,20
0.9119014,Zeisel,20
0.9309823,Zeisel,20
0.9260872,Zeisel,20
0.904293,Zeisel,20
0.924488,Zeisel,20
0.9142248,Zeisel,20
0.9085869,Zeisel,20
0.91911,Zeisel,20
0.9192482,Zeisel,20
0.9339987,Zeisel,20
0.9174673,Zeisel,20
0.9150074,Zeisel,20
0.9225677,Zeisel,20
0.9374803,Zeisel,20
0.9173397,Zeisel,20
0.9266377,Zeisel,20
0.7457849,Zeisel,3
0.8462475,Zeisel,3
0.812348,Zeisel,3
0.8646993,Zeisel,3
0.795521,Zeisel,3
0.8548564,Zeisel,3
0.7939158,Zeisel,3
0.792491,Zeisel,3
0.8830911,Zeisel,3
0.8300256,Zeisel,3
0.8520024,Zeisel,3
0.8613206,Zeisel,3
0.8523875,Zeisel,3
0.8469899,Zeisel,3
0.8576309,Zeisel,3
0.7953178,Zeisel,3
0.7843365,Zeisel,3
0.7725701,Zeisel,3
0.7307961,Zeisel,3
0.8814285,Zeisel,3
0.8095881,Zeisel,3
0.8743089,Zeisel,3
0.8246682,Zeisel,3
0.8842255,Zeisel,3
0.7902,Zeisel,3
0.8360506,Zeisel,3
0.7952893,Zeisel,3
0.8323137,Zeisel,3
0.6636934,Zeisel,3
0.8350103,Zeisel,3
0.8048018,Zeisel,3
0.7307047,Zeisel,3
0.859143,Zeisel,3
0.8589609,Zeisel,3
0.8254808,Zeisel,3
0.9049022,Zeisel,3
0.8647234,Zeisel,3
0.8793569,Zeisel,3
0.8148225,Zeisel,3
0.8379839,Zeisel,3
0.8421139,Zeisel,3
0.8668182,Zeisel,3
0.7566529,Zeisel,3
0.8168396,Zeisel,3
0.7948258,Zeisel,3
0.8177988,Zeisel,3
0.8783892,Zeisel,3
0.8689857,Zeisel,3
0.8011518,Zeisel,3
0.808967,Zeisel,3
0.7795891,Zeisel,3
0.7613163,Zeisel,3
0.8133299,Zeisel,3
0.8489709,Zeisel,3
0.8171957,Zeisel,3
0.8345221,Zeisel,3
0.7532581,Zeisel,3
0.8398629,Zeisel,3
0.8814049,Zeisel,3
0.8629515,Zeisel,3
0.7594255,Zeisel,3
0.852724,Zeisel,3
0.8409119,Zeisel,3
0.8473162,Zeisel,3
0.7283696,Zeisel,3
0.7973407,Zeisel,3
0.8452215,Zeisel,3
0.8661204,Zeisel,3
0.8600772,Zeisel,3
0.8574606,Zeisel,3
0.8297473,Zeisel,3
0.8603892,Zeisel,3
0.8622583,Zeisel,3
0.7948969,Zeisel,3
0.8618658,Zeisel,3
0.791265,Zeisel,3
0.8252792,Zeisel,3
0.7990283,Zeisel,3
0.8596753,Zeisel,3
0.7744791,Zeisel,3
0.8686855,Zeisel,3
0.8702786,Zeisel,3
0.8098421,Zeisel,3
0.8478517,Zeisel,3
0.8344426,Zeisel,3
0.8455831,Zeisel,3
0.8156649,Zeisel,3
0.8180568,Zeisel,3
0.8239465,Zeisel,3
0.740618,Zeisel,3
0.715894,Zeisel,3
0.8016009,Zeisel,3
0.8523421,Zeisel,3
0.8173137,Zeisel,3
0.8496459,Zeisel,3
0.8566282,Zeisel,3
0.8624089,Zeisel,3
0.8382016,Zeisel,3
0.8299506,Zeisel,3
0.8208151,Zeisel,3
0.9155067,Zeisel,30
0.9296718,Zeisel,30
0.9196214,Zeisel,30
0.9307347,Zeisel,30
0.9151734,Zeisel,30
0.9209639,Zeisel,30
0.9196593,Zeisel,30
0.926355,Zeisel,30
0.9127767,Zeisel,30
0.9225245,Zeisel,30
0.9194581,Zeisel,30
0.9266157,Zeisel,30
0.9124003,Zeisel,30
0.9095028,Zeisel,30
0.9328825,Zeisel,30
0.9202643,Zeisel,30
0.9252848,Zeisel,30
0.9169915,Zeisel,30
0.9251319,Zeisel,30
0.9251516,Zeisel,30
0.9387256,Zeisel,30
0.9156487,Zeisel,30
0.9189161,Zeisel,30
0.9256339,Zeisel,30
0.9221663,Zeisel,30
0.9160271,Zeisel,30
0.9281753,Zeisel,30
0.9254695,Zeisel,30
0.9380564,Zeisel,30
0.9201327,Zeisel,30
0.9322399,Zeisel,30
0.9246595,Zeisel,30
0.9268583,Zeisel,30
0.9276243,Zeisel,30
0.925361,Zeisel,30
0.9180164,Zeisel,30
0.9217698,Zeisel,30
0.9298127,Zeisel,30
0.9297474,Zeisel,30
0.9340543,Zeisel,30
0.9259836,Zeisel,30
0.9284731,Zeisel,30
0.9231543,Zeisel,30
0.9323786,Zeisel,30
0.9040868,Zeisel,30
0.9274835,Zeisel,30
0.9233116,Zeisel,30
0.9293597,Zeisel,30
0.9294059,Zeisel,30
0.9193239,Zeisel,30
0.9264913,Zeisel,30
0.9220281,Zeisel,30
0.9220886,Zeisel,30
0.9239727,Zeisel,30
0.9160543,Zeisel,30
0.9160239,Zeisel,30
0.9126642,Zeisel,30
0.9121364,Zeisel,30
0.9142893,Zeisel,30
0.9400066,Zeisel,30
0.9295026,Zeisel,30
0.9202783,Zeisel,30
0.9147915,Zeisel,30
0.914114,Zeisel,30
0.9364529,Zeisel,30
0.9257696,Zeisel,30
0.9356862,Zeisel,30
0.9220962,Zeisel,30
0.915628,Zeisel,30
0.9233964,Zeisel,30
0.9209002,Zeisel,30
0.9220671,Zeisel,30
0.9220146,Zeisel,30
0.931509,Zeisel,30
0.9271384,Zeisel,30
0.9262302,Zeisel,30
0.9254536,Zeisel,30
0.9126819,Zeisel,30
0.91328,Zeisel,30
0.9245134,Zeisel,30
0.9302813,Zeisel,30
0.9259282,Zeisel,30
0.9186722,Zeisel,30
0.9289175,Zeisel,30
0.9239609,Zeisel,30
0.9353292,Zeisel,30
0.9320388,Zeisel,30
0.9154057,Zeisel,30
0.9337794,Zeisel,30
0.9138731,Zeisel,30
0.9196525,Zeisel,30
0.9298729,Zeisel,30
0.9258701,Zeisel,30
0.9429247,Zeisel,30
0.9200335,Zeisel,30
0.92092,Zeisel,30
0.9308619,Zeisel,30
0.93134,Zeisel,30
0.9111901,Zeisel,30
0.9235812,Zeisel,30
0.9157312,Zeisel,40
0.9350055,Zeisel,40
0.9142104,Zeisel,40
0.9282049,Zeisel,40
0.9167996,Zeisel,40
0.9284768,Zeisel,40
0.9171445,Zeisel,40
0.9245167,Zeisel,40
0.9352936,Zeisel,40
0.9257473,Zeisel,40
0.9175015,Zeisel,40
0.9354657,Zeisel,40
0.9241903,Zeisel,40
0.9158859,Zeisel,40
0.9411144,Zeisel,40
0.9274764,Zeisel,40
0.9324002,Zeisel,40
0.9144556,Zeisel,40
0.923343,Zeisel,40
0.9225332,Zeisel,40
0.9320307,Zeisel,40
0.916483,Zeisel,40
0.9346918,Zeisel,40
0.9221338,Zeisel,40
0.9302073,Zeisel,40
0.9252384,Zeisel,40
0.9334616,Zeisel,40
0.9339014,Zeisel,40
0.9328787,Zeisel,40
0.9230648,Zeisel,40
0.9334255,Zeisel,40
0.9193666,Zeisel,40
0.9291466,Zeisel,40
0.924492,Zeisel,40
0.9232577,Zeisel,40
0.9275749,Zeisel,40
0.9227184,Zeisel,40
0.933333,Zeisel,40
0.9352535,Zeisel,40
0.9395246,Zeisel,40
0.9334399,Zeisel,40
0.9298984,Zeisel,40
0.9279901,Zeisel,40
0.9313544,Zeisel,40
0.9084319,Zeisel,40
0.9424527,Zeisel,40
0.9230587,Zeisel,40
0.9250072,Zeisel,40
0.9262126,Zeisel,40
0.9355763,Zeisel,40
0.9237851,Zeisel,40
0.9258245,Zeisel,40
0.9283969,Zeisel,40
0.9326211,Zeisel,40
0.9190174,Zeisel,40
0.9212295,Zeisel,40
0.9286707,Zeisel,40
0.921541,Zeisel,40
0.9241853,Zeisel,40
0.9436129,Zeisel,40
0.9336089,Zeisel,40
0.9204482,Zeisel,40
0.9265192,Zeisel,40
0.9198568,Zeisel,40
0.9396076,Zeisel,40
0.9264077,Zeisel,40
0.9289719,Zeisel,40
0.9176861,Zeisel,40
0.9256636,Zeisel,40
0.9307114,Zeisel,40
0.923331,Zeisel,40
0.9255311,Zeisel,40
0.9308475,Zeisel,40
0.9375464,Zeisel,40
0.9265239,Zeisel,40
0.9185381,Zeisel,40
0.9249437,Zeisel,40
0.9239431,Zeisel,40
0.9214743,Zeisel,40
0.9354975,Zeisel,40
0.935854,Zeisel,40
0.9258157,Zeisel,40
0.9249756,Zeisel,40
0.9344765,Zeisel,40
0.9316923,Zeisel,40
0.9284115,Zeisel,40
0.9314311,Zeisel,40
0.9159951,Zeisel,40
0.9321893,Zeisel,40
0.9050379,Zeisel,40
0.9317271,Zeisel,40
0.9377199,Zeisel,40
0.9241764,Zeisel,40
0.9404513,Zeisel,40
0.9236431,Zeisel,40
0.9178998,Zeisel,40
0.9356125,Zeisel,40
0.9357324,Zeisel,40
0.9129381,Zeisel,40
0.9274628,Zeisel,40
0.9166287,Zeisel,50
0.927451,Zeisel,50
0.9243458,Zeisel,50
0.9297161,Zeisel,50
0.9323118,Zeisel,50
0.9285756,Zeisel,50
0.9164331,Zeisel,50
0.9220757,Zeisel,50
0.9397357,Zeisel,50
0.9286232,Zeisel,50
0.9159951,Zeisel,50
0.9332202,Zeisel,50
0.9270812,Zeisel,50
0.9187051,Zeisel,50
0.9378388,Zeisel,50
0.9347748,Zeisel,50
0.9309101,Zeisel,50
0.9238505,Zeisel,50
0.9258347,Zeisel,50
0.9293192,Zeisel,50
0.9381481,Zeisel,50
0.9120951,Zeisel,50
0.9431458,Zeisel,50
0.9254648,Zeisel,50
0.9264486,Zeisel,50
0.9352801,Zeisel,50
0.9308386,Zeisel,50
0.932888,Zeisel,50
0.9270719,Zeisel,50
0.9332398,Zeisel,50
0.932664,Zeisel,50
0.9204846,Zeisel,50
0.927706,Zeisel,50
0.9261805,Zeisel,50
0.9211913,Zeisel,50
0.9247294,Zeisel,50
0.9374461,Zeisel,50
0.9371911,Zeisel,50
0.9426545,Zeisel,50
0.9337689,Zeisel,50
0.9365481,Zeisel,50
0.9324617,Zeisel,50
0.9392304,Zeisel,50
0.9345378,Zeisel,50
0.9150635,Zeisel,50
0.9392219,Zeisel,50
0.9402154,Zeisel,50
0.9290636,Zeisel,50
0.9312679,Zeisel,50
0.937873,Zeisel,50
0.9248512,Zeisel,50
0.92429,Zeisel,50
0.9271969,Zeisel,50
0.9516386,Zeisel,50
0.9212282,Zeisel,50
0.9256576,Zeisel,50
0.927104,Zeisel,50
0.9115866,Zeisel,50
0.9244473,Zeisel,50
0.9494862,Zeisel,50
0.9361389,Zeisel,50
0.9160458,Zeisel,50
0.919584,Zeisel,50
0.923768,Zeisel,50
0.9492511,Zeisel,50
0.930144,Zeisel,50
0.9358633,Zeisel,50
0.928417,Zeisel,50
0.9286428,Zeisel,50
0.9374508,Zeisel,50
0.9231079,Zeisel,50
0.923675,Zeisel,50
0.9317351,Zeisel,50
0.937053,Zeisel,50
0.9350711,Zeisel,50
0.9260043,Zeisel,50
0.9208968,Zeisel,50
0.9197713,Zeisel,50
0.924969,Zeisel,50
0.944608,Zeisel,50
0.9436614,Zeisel,50
0.9127614,Zeisel,50
0.9191749,Zeisel,50
0.9398196,Zeisel,50
0.9291506,Zeisel,50
0.918266,Zeisel,50
0.9327052,Zeisel,50
0.917162,Zeisel,50
0.9284706,Zeisel,50
0.9194094,Zeisel,50
0.9256837,Zeisel,50
0.9409544,Zeisel,50
0.9287428,Zeisel,50
0.9410478,Zeisel,50
0.9250958,Zeisel,50
0.9238802,Zeisel,50
0.9313055,Zeisel,50
0.9332037,Zeisel,50
0.9178068,Zeisel,50
0.9362672,Zeisel,50
